name,ts,glat,glon,curv,epeak,fpeak,curv_unc
4FGL J0003.6+3059,189.403,-30.789,111.025,1.329,1.803,0.276,0.452
4FGL J0039.1+6257,853.259,0.119,121.531,0.974,1.685,8.874,0.178
4FGL J0048.6-6347,304.628,-53.378,303.472,0.810,1.871,0.163,0.236
4FGL J0052.1+6444,114.708,1.881,123.031,0.654,1.415,1.071,0.377
4FGL J0131.7-5346,146.025,-62.306,290.100,0.843,1.464,0.084,0.500
4FGL J0139.5-2228,200.617,-78.155,192.420,1.808,2.067,0.126,0.590
4FGL J0140.4+5114,56.475,-10.873,130.684,1.615,0.818,0.253,0.653
4FGL J0142.5+6650,83.393,4.501,127.960,1.580,0.353,1.357,0.563
4FGL J0204.7+6656,161.151,5.045,130.049,0.596,0.791,1.048,0.186
4FGL J0235.3+5650,395.908,-3.188,136.825,0.962,0.602,4.404,0.263
4FGL J0237.8+5238,847.300,-6.914,138.824,1.065,1.662,3.362,0.191
4FGL J0304.6+6554,71.232,6.471,135.975,1.690,2.669,0.153,0.540
4FGL J0318.8+2848,37.111,-23.922,157.999,2.000,1.291,0.118,
4FGL J0323.6+6142,60.175,3.962,139.948,0.227,0.100,33.124,0.233
4FGL J0330.7+5845,62.905,1.793,142.295,1.068,0.893,1.321,0.390
4FGL J0340.4+5302,1332.089,-1.846,146.813,1.496,0.225,421.254,0.158
4FGL J0359.3+3626,72.304,-12.615,159.962,1.290,0.808,0.376,0.557
4FGL J0414.7-4300,371.272,-46.231,247.897,1.954,0.841,0.530,0.350
4FGL J0423.0-0943,108.220,-37.314,204.177,0.867,2.040,0.103,0.373
4FGL J0426.5+5434,1319.748,3.827,150.872,1.044,0.493,49.943,0.127
4FGL J0435.5+3232,88.930,-9.999,168.165,0.702,2.779,0.156,0.331
4FGL J0436.9+2915,281.530,-11.946,170.892,0.373,0.804,1.177,0.188
4FGL J0442.8+3609,114.562,-6.528,166.396,0.670,0.100,31.084,0.262
4FGL J0447.2+2446,95.021,-13.049,175.909,1.793,1.407,0.729,0.693
4FGL J0532.6+3358,51.856,0.263,174.344,0.451,0.632,0.722,0.322
4FGL J0533.6+5945,389.757,14.170,152.280,1.181,0.776,1.844,0.228
4FGL J0543.9-0418,58.782,-17.179,208.941,0.329,0.963,0.384,0.248
4FGL J0545.7+6016,965.689,15.740,152.555,0.570,2.554,1.529,0.107
4FGL J0551.7+0446,121.741,-10.958,201.753,1.346,0.323,3.870,0.422
4FGL J0553.6+0100,50.573,-12.337,205.306,1.223,0.725,0.766,0.629
4FGL J0554.0-0839,54.474,-16.665,214.255,0.453,0.976,0.126,0.359
4FGL J0609.0+2006,87.067,0.063,190.267,1.096,0.601,4.543,0.469
4FGL J0618.7+1211,80.321,-1.487,198.347,1.185,0.100,13.212,0.505
4FGL J0620.1+2246,132.971,3.693,189.240,0.095,3.394,0.910,0.096
4FGL J0622.5+3120,171.949,8.173,181.714,0.765,0.576,0.887,0.338
4FGL J0636.2-1057,29.656,-8.304,221.070,0.714,1.132,0.152,0.487
4FGL J0700.6+3558,154.242,17.288,180.816,0.814,1.319,0.175,0.358
4FGL J0705.8-0004,74.257,3.167,214.605,0.917,0.970,0.479,0.418
4FGL J0712.0-6431,155.640,-22.193,275.425,1.278,1.916,0.161,0.441
4FGL J0715.7-1128,42.396,0.158,225.943,0.925,0.377,0.706,0.527
4FGL J0716.0-0826,26.595,1.539,223.309,1.003,0.909,0.182,0.564
4FGL J0718.8-5004,118.676,-16.403,261.302,0.719,1.740,0.194,0.261
4FGL J0722.4-2650,184.171,-5.672,240.245,0.760,0.795,0.655,0.343
4FGL J0736.9-3231,306.040,-5.577,246.789,0.612,0.339,6.492,0.168
4FGL J0739.6-4530,45.396,-11.267,258.574,0.968,1.838,0.065,0.555
4FGL J0744.9-4028,223.647,-8.001,254.583,0.993,1.972,0.724,0.366
4FGL J0749.8-4420,70.918,-9.111,258.453,1.583,1.320,0.125,
4FGL J0752.0-2931,153.179,-1.291,245.760,1.578,1.006,1.813,0.414
4FGL J0754.9-3953,214.898,-6.066,254.998,1.980,2.199,1.026,
4FGL J0758.8-1450,848.315,7.620,233.948,1.119,1.566,3.029,0.232
4FGL J0800.5+3715,56.744,29.111,183.369,1.175,1.468,0.055,0.689
4FGL J0821.5-1436,63.827,12.409,236.703,1.880,0.922,0.142,0.637
4FGL J0826.1-5053,188.072,-7.384,267.330,0.761,2.386,0.806,0.259
4FGL J0828.4-4444,133.868,-3.516,262.568,1.016,2.464,4.082,0.390
4FGL J0838.4-3952,56.552,0.935,259.689,1.078,0.355,2.129,0.519
4FGL J0840.6-3130,47.588,6.342,253.246,1.996,1.634,0.117,
4FGL J0844.1-4330,90.279,-0.442,263.154,0.726,1.001,4.212,0.364
4FGL J0844.9-4117,153.904,1.017,261.470,1.077,0.144,21.296,0.433
4FGL J0847.8-4138,52.704,1.239,262.116,0.961,0.685,1.022,0.466
4FGL J0848.8-4328,222.827,0.129,263.687,0.324,0.423,12.986,0.135
4FGL J0853.1-4407,77.025,0.469,264.635,1.046,0.951,2.222,0.478
4FGL J0853.6-4306,230.093,1.059,264.002,1.242,0.100,36.550,0.414
4FGL J0854.8-4504,1510.959,-0.032,265.612,0.822,1.703,35.131,0.120
4FGL J0859.2-4729,466.176,-1.045,267.950,0.327,0.515,18.982,0.107
4FGL J0859.3-4342,183.903,1.478,265.013,0.871,0.552,8.280,0.245
4FGL J0900.2-4608,43.832,-0.011,266.991,0.439,1.732,0.398,0.405
4FGL J0902.5-4727,112.836,-0.561,268.304,0.114,0.100,33.542,0.148
4FGL J0902.8-4633,44.099,0.025,267.635,0.672,1.092,0.744,0.431
4FGL J0906.8-2122,407.296,17.137,248.901,1.986,0.339,4.445,
4FGL J0917.9-4755,95.086,1.060,270.389,0.778,0.524,3.426,0.259
4FGL J0919.5-6203,139.524,-8.775,280.693,1.134,1.127,0.204,0.416
4FGL J0926.1-5336,120.208,-2.138,275.312,1.678,2.491,1.001,0.600
4FGL J0933.8-6232,2594.758,-7.910,282.230,1.280,2.216,16.692,0.123
4FGL J0951.8-5944,115.116,-4.363,282.016,2.000,0.376,1.394,
4FGL J0953.6-1509,1198.027,29.610,251.907,1.310,1.570,3.284,0.176
4FGL J1015.1-6353,103.310,-6.068,286.768,0.840,1.329,0.242,0.437
4FGL J1018.2+0145,73.343,45.424,241.080,1.622,0.960,0.169,0.912
4FGL J1020.4-5314,192.602,3.204,281.399,1.030,0.699,1.664,0.364
4FGL J1026.2-5731,526.938,0.009,284.403,1.273,1.069,37.879,0.350
4FGL J1046.7-6010,161.499,-0.963,288.094,0.804,0.541,7.678,0.200
4FGL J1048.5-5923,401.713,-0.147,287.841,1.097,0.876,27.435,0.268
4FGL J1054.0-5938,28.644,-0.063,288.468,1.236,2.540,0.321,0.676
4FGL J1056.2-6323,162.613,-3.384,290.482,0.541,0.100,77.819,0.294
4FGL J1058.9-6101,186.800,-1.086,289.795,0.363,0.100,41.558,0.196
4FGL J1106.7-1742,284.120,38.491,270.478,0.865,1.466,0.344,0.253
4FGL J1112.2-6055,352.903,-0.296,291.162,0.615,0.552,24.810,0.147
4FGL J1115.1-6118,345.655,-0.546,291.616,0.104,0.100,12.797,0.065
4FGL J1118.6-6159,67.044,-1.034,292.214,0.421,0.100,17.511,0.311
4FGL J1120.0-2204,4523.991,36.064,276.494,0.947,1.096,26.812,0.084
4FGL J1126.0-5007,95.770,10.471,289.213,1.468,2.682,0.173,0.738
4FGL J1127.9-6158,124.443,-0.723,293.281,0.702,1.081,4.313,0.239
4FGL J1146.0-6822,90.379,-6.192,296.950,1.976,1.598,0.201,0.232
4FGL J1150.1-6324,132.523,-1.340,296.145,0.129,0.100,85.166,0.142
4FGL J1154.5-5952,96.904,2.146,295.822,1.287,0.569,1.621,0.512
4FGL J1157.2-6059,53.699,1.225,296.404,0.559,0.367,2.167,0.317
4FGL J1157.7-6327,116.027,-1.246,296.944,0.877,0.715,4.986,0.279
4FGL J1202.9-5717,52.842,5.162,296.487,1.995,0.798,0.242,
4FGL J1203.4-6145,96.964,0.574,297.232,0.592,0.670,1.897,0.207
4FGL J1203.5-1748,110.021,43.603,287.120,0.558,1.755,0.111,0.248
4FGL J1203.5-5745,45.751,4.541,296.562,0.617,1.032,0.190,0.427
4FGL J1204.3-6111,52.091,1.117,297.303,1.022,0.444,2.988,0.410
4FGL J1204.5-5032,280.626,11.644,295.362,1.270,1.376,1.073,0.319
4FGL J1206.8-5836,51.269,3.748,296.949,1.212,0.634,0.604,0.793
4FGL J1207.4-4536,228.882,16.580,294.912,0.870,1.163,0.430,0.255
4FGL J1208.0-6900,252.514,-6.473,299.037,0.636,1.101,0.851,0.178
4FGL J1208.5-5512,59.143,7.174,296.787,0.686,1.619,0.101,0.336
4FGL J1209.9-5923,41.733,3.271,297.559,1.329,1.334,0.307,0.638
4FGL J1210.4-6250,422.967,-0.319,298.250,1.492,0.805,39.574,0.488
4FGL J1213.6-5954,120.805,2.598,298.194,1.978,0.615,1.905,
4FGL J1213.9-4416,373.216,18.093,295.890,0.458,0.393,1.050,0.151
4FGL J1216.7-5911,182.779,3.320,298.535,0.681,0.386,3.962,0.366
4FGL J1216.8-5955,125.195,2.680,298.765,0.416,0.577,1.266,0.160
4FGL J1225.9+2951,1471.297,83.778,185.363,0.796,1.985,3.069,0.122
4FGL J1244.3-6233,204.294,0.327,302.133,0.180,1.901,5.067,0.086
4FGL J1257.0-6339,347.685,-0.780,303.556,0.483,1.764,8.342,0.195
4FGL J1303.1-4714,80.037,15.585,304.949,1.107,2.550,0.160,0.467
4FGL J1308.7+0347,112.077,66.297,313.814,0.438,2.506,0.105,0.256
4FGL J1309.1-6223,445.704,0.445,304.968,0.961,0.866,36.894,0.256
4FGL J1312.3-6257,150.916,-0.242,305.291,0.174,0.616,4.569,0.116
4FGL J1315.9-6243,72.414,-0.002,305.646,0.485,1.567,2.040,0.221
4FGL J1317.5-0153,74.873,60.201,316.145,1.454,1.767,0.065,0.628
4FGL J1317.5-6316,607.965,-0.547,305.842,1.188,1.135,27.465,0.257
4FGL J1321.1-6239,108.029,0.141,306.528,0.528,0.526,9.221,0.240
4FGL J1325.3-5413,251.910,8.355,307.930,0.599,0.382,2.394,0.222
4FGL J1328.4-6231,29.528,0.218,307.141,0.797,0.460,2.083,0.293
4FGL J1329.9-6108,761.178,1.382,307.569,0.746,1.778,12.788,0.147
4FGL J1338.4-5923,48.195,2.964,308.890,0.571,1.120,0.716,0.328
4FGL J1344.2-6517,54.901,-2.984,308.423,0.405,1.580,0.218,0.334
4FGL J1349.1-5829,73.813,3.556,310.410,0.295,0.100,10.599,0.208
4FGL J1351.6-6142,352.378,0.340,310.031,0.605,0.603,34.019,0.222
4FGL J1357.3-6123,114.415,0.610,310.771,0.998,0.830,11.025,0.446
4FGL J1357.8-5724,50.781,4.313,311.816,1.409,1.365,0.290,0.559
4FGL J1400.0-2415,448.324,35.996,322.359,1.236,2.186,0.863,0.299
4FGL J1400.4-6050,73.410,0.963,311.213,0.790,1.277,3.131,0.343
4FGL J1401.2-6116,72.267,0.601,311.216,1.950,2.368,3.179,0.474
4FGL J1401.3-5012,71.755,11.186,314.233,0.453,0.801,0.226,0.280
4FGL J1403.5-6236,215.960,-0.881,311.113,1.813,2.452,8.742,0.402
4FGL J1404.8-5237,128.651,8.661,314.075,0.506,2.016,0.554,0.194
4FGL J1408.7-3747,183.019,22.584,319.400,0.981,0.667,0.525,0.309
4FGL J1412.1-6631,316.324,-4.890,310.855,0.862,1.505,1.884,0.220
4FGL J1415.4-6458,105.891,-3.552,311.662,0.836,3.054,0.416,0.362
4FGL J1416.7-5023,237.989,10.216,316.555,0.613,1.628,0.943,0.181
4FGL J1418.7-6110,106.542,-0.045,313.259,0.646,0.935,15.488,0.203
4FGL J1420.7-6701,52.657,-5.597,311.487,0.328,1.044,0.228,0.226
4FGL J1420.9-2431,127.493,34.022,327.653,0.450,2.709,0.139,0.214
4FGL J1422.3-6059,51.122,-0.035,313.685,0.221,2.156,2.534,0.139
4FGL J1424.8-6536,84.772,-4.523,312.280,0.266,0.492,1.184,0.216
4FGL J1424.8-8012,58.900,-18.060,306.973,1.999,2.334,0.091,
4FGL J1427.8-6051,437.177,-0.149,314.394,0.201,0.100,144.655,0.078
4FGL J1429.8-0739,88.288,47.884,340.886,1.939,1.626,0.113,0.564
4FGL J1431.5-6627,88.375,-5.531,312.701,0.535,0.166,1.206,0.275
4FGL J1433.8-6357,54.078,-3.303,313.858,1.947,1.916,0.404,
4FGL J1444.9-5939,297.733,0.236,316.833,0.701,0.100,704.914,0.156
4FGL J1450.8-1424,122.535,39.358,341.517,0.917,1.387,0.237,0.376
4FGL J1454.3-5551,86.493,2.934,319.560,0.819,0.164,20.605,0.383
4FGL J1458.8-2120,294.394,32.584,338.592,0.738,1.645,0.622,0.227
4FGL J1500.1-5846,45.550,-0.161,318.935,0.021,1.471,1.504,0.110
4FGL J1502.2-5933,52.853,-0.773,318.813,1.660,2.554,1.547,0.537
4FGL J1505.1-5145,79.708,5.886,323.050,1.659,1.101,0.663,0.552
4FGL J1505.3-5852,81.775,-0.358,319.485,1.013,0.100,252.078,0.468
4FGL J1506.5-5708,42.655,1.054,320.476,0.638,2.785,0.498,0.350
4FGL J1507.7-5403,42.131,3.623,322.139,0.595,0.494,0.853,0.357
4FGL J1508.4-4817,131.667,8.626,325.171,1.959,0.100,12.764,0.327
4FGL J1510.1-5750,131.076,0.150,320.550,0.528,2.460,4.097,0.242
4FGL J1511.2-5803,253.448,-0.079,320.552,0.211,0.100,9247.222,0.217
4FGL J1511.4-0430,78.028,43.758,354.904,1.972,0.124,3.410,
4FGL J1516.4-2640,43.428,25.895,338.859,2.000,2.067,0.097,
4FGL J1517.9-5233,716.872,4.140,324.262,1.198,1.855,7.001,0.221
4FGL J1526.6-3810,153.903,15.274,333.646,1.196,1.819,0.435,0.392
4FGL J1527.8+1013,138.172,49.532,15.960,1.796,1.380,0.276,0.652
4FGL J1527.9-4943,74.522,5.465,326.994,0.565,0.100,1.996,0.317
4FGL J1528.2-2448,63.513,25.771,342.483,1.395,2.162,0.115,0.899
4FGL J1529.4-6027,93.460,-3.386,321.187,1.204,0.150,5.485,0.469
4FGL J1530.0-1522,126.708,32.672,349.881,1.244,1.027,0.372,0.428
4FGL J1532.9-0313,37.682,40.649,1.422,1.283,1.929,0.084,0.823
4FGL J1534.0-5232,237.610,2.801,326.300,0.397,1.407,1.828,0.158
4FGL J1534.3-3312,82.728,18.363,338.027,1.174,3.492,0.161,0.472
4FGL J1534.7-5842,119.424,-2.285,322.763,1.989,2.799,1.157,
4FGL J1537.3-6110,54.996,-4.477,321.625,1.401,1.543,0.365,0.632
4FGL J1538.0-4638,236.055,7.156,330.333,0.939,0.531,3.743,0.265
4FGL J1539.4-3323,1540.156,17.536,338.786,1.229,2.650,15.629,0.150
4FGL J1541.2-5201,79.029,2.586,327.508,2.000,1.586,0.975,
4FGL J1543.4-5925,64.693,-3.434,323.291,1.301,1.747,0.465,0.694
4FGL J1543.6-0244,274.571,38.862,4.067,0.894,0.858,1.097,0.223
4FGL J1544.2-2554,383.384,22.602,344.768,0.699,1.204,1.812,0.153
4FGL J1545.2-4553,136.804,7.050,331.763,0.803,0.513,1.706,0.393
4FGL J1547.4-4802,264.592,5.132,330.713,0.648,0.352,6.834,0.220
4FGL J1548.1-4416,164.147,7.975,333.197,0.925,0.727,1.512,0.350
4FGL J1548.3-2411,67.861,23.251,346.707,0.377,1.122,0.207,0.320
4FGL J1551.3-4920,71.032,3.655,330.463,0.386,0.738,1.132,0.316
4FGL J1551.7-4257,61.273,8.590,334.527,0.225,0.589,0.392,0.185
4FGL J1559.7-4518,33.493,5.867,334.107,0.515,1.619,0.152,0.309
4FGL J1602.2+2305,314.119,46.876,38.551,1.190,2.480,0.494,0.333
4FGL J1603.0-4808,110.034,3.365,332.685,0.533,0.100,75.623,0.255
4FGL J1603.3-6010,422.650,-5.707,324.720,0.636,2.565,1.385,0.164
4FGL J1604.4-4927,112.531,2.175,331.957,0.628,1.476,3.845,0.270
4FGL J1604.7-4518,43.113,5.275,334.867,1.114,0.100,4.924,0.594
4FGL J1609.6-4837,57.271,2.256,333.174,0.442,0.200,10.645,0.240
4FGL J1611.6-6013,91.846,-6.371,325.457,1.926,1.735,0.278,0.493
4FGL J1612.1+1407,420.442,41.627,27.861,1.291,1.779,0.719,0.302
4FGL J1613.0-5102,377.727,0.123,331.932,0.678,0.950,80.072,0.176
4FGL J1615.3-1512,49.672,24.887,358.701,0.797,2.472,0.087,0.428
4FGL J1615.5-5434,45.400,-2.679,329.691,0.290,2.224,0.245,0.231
4FGL J1616.6-5341,690.644,-2.165,330.485,1.835,1.577,18.632,0.311
4FGL J1616.6-5009,83.972,0.388,332.965,1.200,0.794,18.368,0.403
4FGL J1617.4-5812,65.925,-5.507,327.410,0.316,0.609,0.296,0.208
4FGL J1617.8-4418,48.590,4.432,337.003,1.789,0.620,1.736,0.610
4FGL J1618.0-5119,183.310,-0.616,332.277,0.278,0.100,830.730,0.156
4FGL J1618.3-4537,67.177,3.422,336.419,1.167,0.764,2.141,0.470
4FGL J1619.3-5047,131.981,-0.158,332.870,0.655,1.218,31.424,0.225
4FGL J1620.5-5729,55.149,-5.249,328.210,0.510,1.933,0.188,0.285
4FGL J1621.0-2625,94.243,16.460,350.520,1.095,0.530,1.186,0.316
4FGL J1621.4-4511,54.248,3.328,336.982,0.410,1.943,0.674,0.292
4FGL J1622.2-7202,249.140,-15.530,317.658,0.634,1.627,0.303,0.186
4FGL J1622.5-4726,34.391,1.603,335.528,0.308,2.273,0.496,0.207
4FGL J1622.8-4454,54.600,3.358,337.359,1.974,1.173,0.482,
4FGL J1623.0-4624,71.555,2.223,336.274,0.045,0.452,2.278,0.122
4FGL J1624.1-4417,113.118,3.642,337.980,0.413,1.006,1.422,0.204
4FGL J1624.9-4538,102.606,2.575,337.241,0.981,0.736,3.137,0.432
4FGL J1626.6-4251,77.433,4.313,339.399,0.544,1.055,1.150,0.244
4FGL J1627.7-5749,95.064,-6.210,328.645,0.870,0.823,0.443,0.303
4FGL J1628.0-4920,32.764,-0.377,334.859,1.525,2.215,2.002,0.647
4FGL J1630.1-1049,232.920,24.826,4.942,1.942,1.459,1.215,0.289
4FGL J1633.4-5845,114.211,-7.389,328.464,1.941,0.100,57.479,
4FGL J1634.1-4011,26.637,5.036,342.019,0.319,1.357,0.264,0.240
4FGL J1635.0-3039,26.855,11.333,349.612,0.784,1.674,0.105,0.461
4FGL J1635.3-4159,29.955,3.746,340.936,1.078,0.878,0.498,0.522
4FGL J1635.4-3249,86.077,9.851,347.917,0.611,1.290,0.349,0.259
4FGL J1635.4-3453,44.511,8.456,346.360,0.703,0.906,0.283,0.327
4FGL J1639.0-2727,55.450,12.818,352.611,0.309,2.258,0.192,0.170
4FGL J1639.3-5146,2324.288,-3.331,334.250,0.528,1.858,38.307,0.089
4FGL J1640.3-4917,141.917,-1.811,336.224,0.436,1.001,4.071,0.191
4FGL J1641.3-2908,188.643,11.313,351.604,0.611,0.332,3.707,0.212
4FGL J1643.3-3148,108.979,9.228,349.820,0.571,2.149,0.332,0.232
4FGL J1644.1-5009,85.267,-2.805,335.958,0.885,0.372,3.485,0.516
4FGL J1644.9-4921,87.787,-2.412,336.628,0.982,0.100,53.523,0.362
4FGL J1646.5-4406,57.787,0.821,340.820,0.406,0.766,2.329,0.267
4FGL J1646.7-2154,82.913,14.916,358.148,1.214,0.928,0.815,0.476
4FGL J1647.1-5418,62.331,-5.739,333.000,1.908,0.100,3.253,0.672
4FGL J1647.5-5319,75.728,-5.247,333.853,0.728,0.100,9.484,0.403
4FGL J1648.4-4824,51.527,-2.234,337.700,0.048,0.100,14.293,0.159
4FGL J1649.3-4441,167.884,0.027,340.674,0.731,2.265,16.288,0.297
4FGL J1651.1-5848,62.176,-9.196,329.953,1.148,0.684,0.306,0.308
4FGL J1651.7-4359,308.563,0.165,341.511,1.057,1.264,50.995,0.420
4FGL J1652.2-4516,171.164,-0.702,340.613,0.730,0.586,37.612,0.298
4FGL J1653.2-4349,583.563,0.039,341.827,0.601,0.507,208.846,0.122
4FGL J1655.7-2411,41.809,11.835,357.531,0.557,0.376,0.391,0.306
4FGL J1655.9-3940,122.660,2.281,345.341,0.913,1.692,2.039,0.413
4FGL J1655.9-3101,48.386,7.658,352.125,0.562,1.226,0.162,0.269
4FGL J1656.4-0410,146.167,23.174,14.960,1.189,1.600,0.554,0.446
4FGL J1656.5-2733,220.634,9.684,354.979,1.979,1.284,1.520,
4FGL J1657.7-4520,61.142,-1.484,341.089,0.319,1.164,1.447,0.076
4FGL J1658.5-5034,78.973,-4.878,337.100,-0.020,0.100,32.274,0.117
4FGL J1659.0-0140,337.365,23.926,17.673,0.832,1.841,1.230,0.302
4FGL J1659.2-1443,64.341,16.767,5.996,0.567,2.930,0.314,0.261
4FGL J1700.0-0122,58.305,23.837,18.165,1.343,0.975,0.340,0.578
4FGL J1700.3-4557,73.175,-2.230,340.996,0.777,0.760,2.525,0.476
4FGL J1700.4-2746,90.784,8.890,355.286,0.218,0.100,10.471,0.262
4FGL J1700.8-5218,43.059,-6.283,335.955,0.498,2.141,0.198,0.251
4FGL J1701.3-4924,123.702,-4.525,338.294,0.390,0.917,1.388,0.208
4FGL J1701.8-2226,62.453,11.776,359.890,0.659,0.473,0.481,0.333
4FGL J1701.9-4625,39.854,-2.954,340.666,0.768,1.179,1.001,0.334
4FGL J1702.0-3721,59.617,2.779,347.904,0.594,1.218,0.631,0.366
4FGL J1702.3-2525,151.487,9.975,357.506,0.590,0.726,0.595,0.303
4FGL J1703.6-2850,400.514,7.678,354.928,0.610,0.874,3.735,0.194
4FGL J1704.8-4030,403.958,0.413,345.741,0.558,1.193,37.986,0.184
4FGL J1704.9-4303,47.758,-1.122,343.713,1.944,2.635,1.525,0.547
4FGL J1705.1-4748,99.307,-4.055,340.007,0.875,0.100,17.870,0.477
4FGL J1705.2-3850,124.187,1.391,347.122,1.272,1.814,3.953,0.587
4FGL J1705.4-4850,91.162,-4.666,339.207,0.956,0.790,1.446,0.414
4FGL J1706.2-4950,101.545,-5.403,338.420,1.174,0.857,1.220,0.456
4FGL J1708.8-0923,51.627,17.829,11.981,0.662,0.910,0.303,0.294
4FGL J1709.4-0328,192.751,20.724,17.432,0.394,0.765,0.995,0.143
4FGL J1709.9-0900,86.178,17.764,12.530,1.180,0.990,0.744,0.414
4FGL J1710.3-3039,81.666,5.463,354.324,1.065,1.977,0.638,0.524
4FGL J1711.0-3002,238.863,5.634,354.919,1.257,1.351,3.688,0.335
4FGL J1711.4-2526,95.365,8.280,358.765,0.545,0.817,1.099,0.254
4FGL J1711.9-1922,236.543,11.656,3.860,0.923,1.588,0.854,0.282
4FGL J1714.8-3849,419.743,-0.134,348.261,0.422,0.472,84.028,0.140
4FGL J1714.9-3324,156.991,3.019,352.684,0.765,2.440,2.449,0.244
4FGL J1717.0-3218,46.067,3.133,353.804,0.106,1.396,0.400,0.158
4FGL J1717.5-5804,261.601,-11.510,332.601,1.591,2.485,1.095,0.470
4FGL J1717.5-4022,43.701,-1.481,347.281,1.981,3.280,0.801,
4FGL J1717.6-4404,110.119,-3.628,344.243,1.016,1.159,2.169,0.656
4FGL J1717.8-3906,66.669,-0.766,348.352,0.869,1.077,2.935,0.562
4FGL J1719.0-4221,94.032,-2.790,345.807,0.697,1.306,1.608,0.338
4FGL J1719.3-3424,45.514,1.674,352.366,1.994,2.498,1.251,
4FGL J1719.4-2916,94.235,4.564,356.557,0.828,0.921,1.589,0.396
4FGL J1719.4-4242,75.026,-3.120,345.574,1.707,0.742,0.958,0.964
4FGL J1720.1-4358,81.549,-3.906,344.553,0.268,0.640,1.014,0.190
4FGL J1720.6-2442,72.106,6.979,0.539,0.437,2.053,0.360,0.412
4FGL J1720.6+0708,399.234,23.418,28.975,0.807,0.915,1.617,0.196
4FGL J1721.3-5257,138.138,-9.137,337.258,1.195,1.046,0.911,0.335
4FGL J1721.7-3917,120.020,-1.499,348.633,0.460,1.181,3.558,0.181
4FGL J1722.1-4007,63.509,-2.112,348.066,0.432,2.062,1.051,0.277
4FGL J1722.1-3205,117.404,2.567,354.590,0.366,1.854,1.670,0.208
4FGL J1722.6-3135,95.543,2.697,355.128,1.980,1.975,2.435,
4FGL J1723.1-2859,80.143,4.092,357.192,0.854,0.310,3.108,0.363
4FGL J1724.5-3008,63.768,3.365,356.518,1.586,1.343,1.520,0.616
4FGL J1724.7-3737,54.864,-1.043,350.308,0.735,0.974,2.440,0.410
4FGL J1725.1-1924,150.759,9.036,5.571,0.502,0.282,1.708,0.213
4FGL J1726.2-2903,80.120,3.520,357.511,1.002,0.867,1.242,0.461
4FGL J1726.2-3207,48.428,1.800,355.087,1.931,2.501,0.987,0.532
4FGL J1726.7-3930,64.688,-2.239,349.111,0.864,1.423,0.835,0.501
4FGL J1726.8-2659,77.954,4.552,359.401,0.172,1.276,0.736,0.168
4FGL J1727.4+0326,156.454,20.236,26.238,0.623,0.984,0.455,0.238
4FGL J1727.6-2304,160.402,6.556,2.811,0.480,1.970,1.161,0.215
4FGL J1727.6-0849,40.078,14.160,15.050,0.910,0.551,0.313,0.410
4FGL J1727.7-4041,143.667,-3.091,348.157,1.954,0.733,3.128,
4FGL J1728.0-3550,51.977,-0.575,352.138,0.573,1.455,4.377,0.320
4FGL J1729.1-3503,25.340,-0.347,352.973,1.672,1.883,2.622,0.470
4FGL J1729.2-2509,47.488,5.082,1.339,1.747,1.043,1.069,0.654
4FGL J1729.4-2831,166.166,3.190,358.583,1.227,1.031,5.341,0.456
4FGL J1729.4-2646,102.296,4.203,359.867,1.727,1.946,1.906,0.532
4FGL J1729.9-2952,49.345,2.368,357.392,0.875,3.727,0.779,0.566
4FGL J1730.1-4343,88.381,-5.343,345.794,1.704,1.187,0.647,0.530
4FGL J1730.3-2913,61.714,2.706,357.994,1.999,1.850,1.015,
4FGL J1730.4-0359,565.976,15.985,19.746,1.006,1.387,4.496,0.201
4FGL J1730.8-3806,108.372,-2.427,350.610,1.941,1.806,1.717,
4FGL J1732.0-2659,77.803,3.516,0.101,0.390,1.830,0.861,0.235
4FGL J1733.0-2837,88.195,2.483,358.830,0.219,0.100,19.533,0.336
4FGL J1733.2-2915,63.037,2.159,358.300,0.815,2.329,1.175,0.406
4FGL J1733.4+2235,83.679,26.732,45.889,2.000,2.110,0.105,
4FGL J1733.6-2431,67.457,4.676,2.313,0.850,1.596,1.171,0.306
4FGL J1733.9-2220,41.306,5.661,4.251,1.386,0.407,0.741,0.513
4FGL J1734.0-2933,65.534,1.824,358.152,0.504,1.972,1.026,0.393
4FGL J1734.5-2818,133.034,2.339,359.241,1.085,0.467,6.313,0.496
4FGL J1735.2-2153,74.219,5.713,4.764,0.467,0.373,1.797,0.291
4FGL J1735.4-2944,66.403,1.401,358.114,1.654,2.157,1.353,0.970
4FGL J1736.3-2929,176.729,1.433,358.492,0.492,0.278,35.603,0.252
4FGL J1736.6-1954,52.673,6.468,6.588,0.659,0.725,0.485,0.335
4FGL J1737.1-2901,90.253,1.524,359.013,0.716,0.466,6.030,0.403
4FGL J1737.2-2808,67.659,2.045,359.692,0.260,1.662,1.062,0.203
4FGL J1737.3-3332,147.345,-0.909,355.157,0.684,0.629,16.254,0.258
4FGL J1737.5-4306,55.200,-6.097,347.008,0.707,0.100,34.436,0.461
4FGL J1737.6-2350,77.188,4.242,3.317,0.398,0.877,1.228,0.189
4FGL J1738.1-2453,196.783,3.552,2.591,1.947,0.100,142.469,0.345
4FGL J1738.2-2510,82.826,3.350,2.313,1.967,2.881,1.603,0.329
4FGL J1738.6-3627,48.414,-2.740,352.837,0.747,1.692,0.704,0.344
4FGL J1738.8-3241,101.135,-0.729,356.007,1.949,1.176,9.546,
4FGL J1739.1-1059,89.199,10.586,14.653,1.645,0.884,1.207,0.873
4FGL J1739.2-2717,44.883,2.091,0.641,0.705,2.834,0.546,0.323
4FGL J1739.2-2732,125.556,1.906,0.467,0.252,0.543,4.429,0.177
4FGL J1739.3-2531,234.039,2.996,2.149,0.543,0.741,7.229,0.187
4FGL J1739.5-2929,81.462,0.929,358.716,1.636,1.243,5.429,0.563
4FGL J1739.7-2836,98.100,1.301,359.583,2.000,2.303,3.416,
4FGL J1740.1-1928,92.048,5.980,7.359,0.681,0.671,0.871,0.328
4FGL J1740.4-2850,139.310,0.985,359.468,0.558,0.867,10.819,0.253
4FGL J1740.5-2554,132.404,2.490,1.942,1.546,0.902,5.167,0.646
4FGL J1740.6-3430,151.677,-2.009,354.802,0.333,0.656,4.180,0.210
4FGL J1740.7-6750,121.551,-18.712,325.197,0.544,0.145,1.113,0.238
4FGL J1740.7-2640,180.240,2.147,1.367,1.060,1.312,5.183,0.355
4FGL J1741.1-1617,68.973,7.472,10.273,1.969,1.283,0.349,
4FGL J1741.1-3328,70.310,-1.625,355.646,0.701,2.520,1.506,0.349
4FGL J1741.3-3357,36.698,-1.889,355.278,1.279,1.245,0.591,0.669
4FGL J1741.5-2344,42.126,3.644,3.844,0.811,1.127,0.977,0.340
4FGL J1741.6-2730,124.494,1.526,0.736,0.776,0.497,11.008,0.314
4FGL J1742.5-2833,194.562,0.733,359.972,0.679,1.678,25.802,0.283
4FGL J1742.8-2246,190.700,3.706,4.998,0.879,0.987,3.480,0.389
4FGL J1743.0-3201,101.473,-1.009,357.200,0.532,0.118,44.529,0.281
4FGL J1743.2-1404,56.145,8.199,12.453,0.574,0.100,57.899,0.400
4FGL J1743.4-3123,51.991,-0.874,357.654,0.691,2.381,1.635,0.399
4FGL J1743.4-3406,45.831,-2.264,355.401,0.755,1.233,1.034,0.388
4FGL J1743.4-2406,107.774,2.926,3.836,1.499,0.894,2.231,0.657
4FGL J1743.7-4321,309.758,-7.244,347.434,1.137,0.496,4.193,0.277
4FGL J1743.9-3539,67.887,-3.279,353.886,1.730,1.827,0.590,0.702
4FGL J1744.0-2504,66.858,2.344,3.081,0.402,0.859,1.203,0.221
4FGL J1744.0-1311,279.058,8.460,13.346,0.929,1.547,1.895,0.292
4FGL J1744.7-1557,213.167,6.894,11.046,0.522,0.930,1.770,0.168
4FGL J1744.9-3322,76.718,-2.221,356.111,0.931,2.126,1.286,0.354
4FGL J1744.9-2153,92.978,3.797,5.920,0.417,0.745,1.056,0.237
4FGL J1745.5-2249,57.506,3.253,5.210,0.932,0.599,0.883,0.299
4FGL J1745.6-3626,144.332,-3.883,353.626,1.067,1.536,1.106,0.449
4FGL J1745.6-3145,108.766,-1.479,357.560,0.500,1.191,5.016,0.200
4FGL J1746.0-2349,70.529,2.572,4.427,0.614,0.301,2.818,0.331
4FGL J1746.1-2541,79.499,1.526,2.870,0.601,1.098,2.489,0.307
4FGL J1746.4-3541,162.942,-3.723,354.283,0.855,0.591,6.161,0.544
4FGL J1746.5-2019,135.333,4.326,7.469,0.639,0.573,2.923,0.256
4FGL J1747.0-3505,377.168,-3.429,354.876,0.629,0.482,11.806,0.231
4FGL J1747.6+0324,237.361,15.755,28.633,0.365,1.659,0.818,0.123
4FGL J1747.8-3006,53.603,-1.012,359.290,0.668,2.926,3.397,0.413
4FGL J1747.8-1827,60.621,4.919,9.194,1.511,0.100,12.966,0.671
4FGL J1747.9-3224,85.954,-2.228,357.270,0.925,0.718,4.070,0.474
4FGL J1748.3-2906,141.677,-0.596,0.177,0.610,2.511,15.039,0.183
4FGL J1748.5-1648,78.419,5.671,10.755,1.706,0.147,13.813,0.661
4FGL J1748.8-3915,199.568,-5.867,351.483,1.428,1.739,2.062,0.362
4FGL J1749.0-2119,53.486,3.290,6.981,1.023,0.674,1.504,0.378
4FGL J1749.8-0303,447.895,12.214,23.046,0.499,0.218,15.377,0.128
4FGL J1750.0-3347,47.593,-3.566,356.290,0.527,1.654,0.565,0.257
4FGL J1750.4-1721,48.446,5.038,10.475,0.659,1.514,0.366,0.324
4FGL J1750.6-1906,87.878,4.090,9.031,0.513,1.317,0.918,0.212
4FGL J1750.8-1246,36.696,7.115,14.534,1.049,0.710,0.354,0.519
4FGL J1750.9-3301,43.731,-3.023,356.993,0.455,2.074,0.435,0.307
4FGL J1752.3-2914,195.497,-1.566,0.488,1.631,0.136,47.597,0.677
4FGL J1752.3-3139,114.956,-2.651,358.559,0.492,0.456,4.716,0.290
4FGL J1752.4-0758,43.658,9.236,19.001,1.432,0.100,5.633,0.535
4FGL J1752.7-3810,97.945,-5.988,352.796,0.841,1.268,0.615,0.447
4FGL J1752.7-3040,93.214,-2.291,359.331,1.173,1.070,2.330,0.479
4FGL J1752.8-4449,220.852,-9.309,346.991,0.637,1.475,0.878,0.259
4FGL J1753.8-2538,1579.408,0.118,3.769,0.587,1.825,168.528,0.089
4FGL J1754.3-4443,159.443,-9.495,347.208,0.775,1.031,1.022,0.305
4FGL J1754.3-2915,50.716,-1.841,0.723,1.963,2.046,1.031,0.361
4FGL J1754.3-3236,66.509,-3.318,357.875,1.418,1.036,1.102,0.526
4FGL J1754.6-2933,241.268,-1.985,0.470,0.747,1.211,9.900,0.232
4FGL J1754.8-3200,87.327,-3.224,358.380,1.993,2.074,0.979,
4FGL J1755.3-3937,61.705,-7.184,351.857,0.846,1.223,0.326,0.365
4FGL J1755.6-2050,68.042,2.204,7.915,0.032,0.100,649.775,0.144
4FGL J1755.9-4009,56.802,-7.537,351.312,1.102,1.126,0.198,0.772
4FGL J1757.1-3554,114.769,-5.638,355.233,1.101,1.567,1.026,0.412
4FGL J1757.4-3125,149.792,-3.465,359.169,0.586,1.303,1.813,0.185
4FGL J1757.8-1802,52.197,3.118,10.766,0.594,0.100,52.556,0.369
4FGL J1758.0-2953,78.729,-2.824,0.573,1.815,1.887,1.243,0.741
4FGL J1758.5-3219,55.884,-4.036,358.421,1.896,1.084,0.803,0.863
4FGL J1758.7-4109,407.058,-8.488,350.784,0.274,0.903,1.607,0.091
4FGL J1759.2-0243,76.600,10.267,24.491,1.574,0.332,4.798,0.614
4FGL J1759.8-1250,70.515,5.320,15.645,0.680,2.117,0.856,0.361
4FGL J1800.1-0323,28.488,9.768,23.948,0.366,1.603,0.143,0.223
4FGL J1800.2-2952,85.901,-3.181,0.793,1.482,0.601,2.104,0.637
4FGL J1800.5-2910,102.597,-2.966,1.452,0.560,0.205,2.948,0.322
4FGL J1800.9-2407,178.959,-0.519,5.867,0.256,0.414,17.229,0.109
4FGL J1801.0-3402,77.759,-5.441,357.232,0.379,0.717,0.657,0.290
4FGL J1801.0-2802,89.657,-2.504,2.541,1.062,1.441,1.277,0.375
4FGL J1801.1-3740,160.209,-7.260,354.129,1.624,0.144,8.775,0.685
4FGL J1801.1-2626,127.877,-1.711,3.885,1.997,3.528,2.654,
4FGL J1801.4-4307,49.962,-9.850,349.246,0.669,0.794,0.174,0.334
4FGL J1801.6-2326,371.035,-0.299,6.566,0.613,2.815,67.358,0.083
4FGL J1801.8-2358,135.384,-0.584,6.079,0.027,0.100,35.296,0.061
4FGL J1802.1-2652,104.051,-2.122,3.662,1.106,0.909,4.225,0.386
4FGL J1802.4-3041,388.853,-4.033,0.318,0.803,3.078,3.829,0.228
4FGL J1803.1-2724,170.361,-2.459,3.289,0.627,0.384,7.174,0.271
4FGL J1803.5-1639,40.252,2.568,12.669,1.448,0.100,27.352,0.606
4FGL J1803.7-3207,140.729,-4.947,359.201,1.037,0.716,2.062,0.358
4FGL J1803.8-2908,135.690,-3.542,1.944,1.640,0.798,4.722,0.406
4FGL J1804.4-0852,196.474,6.226,19.616,0.221,0.483,3.384,0.117
4FGL J1804.9-1745,43.337,1.835,11.839,0.661,1.835,0.695,0.287
4FGL J1804.9-3001,85.018,-4.189,1.305,1.703,0.862,1.296,0.718
4FGL J1805.1-3049,97.336,-4.621,0.498,0.641,0.100,40.802,0.353
4FGL J1805.1-3618,387.271,-7.246,355.667,1.380,1.387,2.815,0.330
4FGL J1805.3-2734,46.240,-3.053,3.322,0.848,1.262,0.539,0.458
4FGL J1805.7+3401,278.902,23.678,60.457,0.538,0.457,0.619,0.169
4FGL J1806.1-3344,93.347,-6.257,358.080,0.168,0.100,31.767,0.170
4FGL J1806.9-2824,150.823,-3.798,2.781,0.360,0.100,67.603,0.227
4FGL J1808.1-1234,58.781,3.722,16.763,0.783,0.447,2.890,0.323
4FGL J1808.4-3358,540.628,-6.734,358.034,1.465,0.914,7.978,0.180
4FGL J1808.4-4521,56.044,-11.966,347.823,0.194,2.493,0.158,0.187
4FGL J1809.0-2853,56.168,-4.487,2.627,1.462,2.033,0.437,0.627
4FGL J1809.2-2726,45.886,-3.639,4.016,0.334,2.130,0.307,0.157
4FGL J1810.2-3054,34.118,-5.686,0.980,1.541,2.975,0.130,0.559
4FGL J1810.3+1332,73.330,15.118,40.614,0.606,1.518,0.126,0.305
4FGL J1810.5-1415,35.780,2.354,15.563,0.358,0.370,1.435,0.342
4FGL J1810.6-0945,113.127,4.480,19.573,0.782,0.182,13.052,0.407
4FGL J1811.7-1442,44.632,1.869,15.298,0.776,1.576,0.682,0.414
4FGL J1811.9-2336,155.088,-2.462,7.525,0.723,0.325,23.464,0.294
4FGL J1812.2-0856,61.140,4.475,20.538,1.568,0.607,2.892,0.431
4FGL J1812.8-3144,170.424,-6.499,0.493,0.899,2.133,0.973,0.303
4FGL J1813.2-1128,75.182,3.094,18.373,0.446,2.284,1.360,0.200
4FGL J1813.7-1152,176.764,2.811,18.069,0.722,0.421,8.826,0.336
4FGL J1813.7-6846,138.383,-21.856,325.532,0.277,1.584,0.182,0.157
4FGL J1814.2-3000,62.542,-5.935,2.132,0.607,0.743,0.289,0.370
4FGL J1814.6-3621,111.706,-8.968,356.500,0.365,0.419,0.929,0.237
4FGL J1814.6-2537,133.119,-3.978,6.039,0.996,1.394,2.396,0.491
4FGL J1814.7-3420,115.038,-8.045,358.335,1.077,0.886,0.663,0.402
4FGL J1815.3-1336,56.055,1.569,16.813,1.996,1.313,2.109,
4FGL J1815.8-1416,94.032,1.191,16.227,0.468,1.701,3.921,0.191
4FGL J1816.3-2903,114.970,-5.807,3.273,1.990,0.550,1.557,
4FGL J1816.4-0057,34.928,7.370,28.132,0.496,0.435,0.631,3.333
4FGL J1816.4-2727,168.071,-5.168,4.644,0.655,1.282,1.249,0.249
4FGL J1816.4-6405,272.326,-20.553,330.371,0.628,1.031,0.511,0.191
4FGL J1816.7+1749,137.516,15.520,45.366,0.461,1.724,0.280,0.168
4FGL J1817.6-3251,63.134,-7.937,0.148,1.978,0.910,0.403,
4FGL J1817.7-2517,138.956,-4.418,6.707,1.340,1.283,1.500,0.604
4FGL J1817.9-3334,244.182,-8.269,359.353,0.988,0.760,1.633,0.239
4FGL J1817.9-1135,93.215,1.968,18.686,0.909,0.474,2.439,0.495
4FGL J1818.1-2000,143.469,-2.043,11.395,1.606,2.257,2.537,0.463
4FGL J1818.5-2036,57.794,-2.559,10.890,0.675,0.798,3.105,0.313
4FGL J1818.6+1316,289.733,13.200,41.256,0.886,1.615,0.774,0.256
4FGL J1818.6-3206,212.826,-7.698,0.758,0.936,0.597,2.721,0.304
4FGL J1818.8-2255,62.912,-3.526,8.918,0.538,1.428,0.614,0.228
4FGL J1818.8-0828,68.864,3.276,21.672,0.512,1.519,0.878,0.288
4FGL J1819.3-0935,37.911,2.651,20.729,0.274,0.719,0.670,0.234
4FGL J1819.9-2926,155.004,-6.741,3.255,0.744,0.810,1.438,0.286
4FGL J1820.2-1303,64.601,0.781,17.811,0.439,0.100,3265.580,0.398
4FGL J1820.3-2646,114.284,-5.688,5.669,1.626,0.100,82.550,0.576
4FGL J1820.6-0326,31.594,5.234,26.332,1.962,2.715,0.339,
4FGL J1820.7-3217,92.533,-8.227,0.761,1.103,1.870,0.436,0.536
4FGL J1821.5-2531,71.473,-5.283,6.922,0.442,0.283,1.197,0.263
4FGL J1822.6-2502,70.102,-5.338,7.490,0.948,1.326,0.649,0.478
4FGL J1822.8-1118,26.148,1.104,19.634,0.231,1.184,0.549,0.201
4FGL J1822.9-4718,214.838,-15.098,347.110,0.507,1.266,0.474,0.220
4FGL J1823.3-1340,1542.779,-0.110,17.592,0.469,1.518,210.213,0.083
4FGL J1824.2-5427,391.658,-18.059,340.329,0.710,1.934,0.732,0.213
4FGL J1824.7+2403,93.080,16.265,52.065,0.716,2.322,0.095,0.350
4FGL J1825.0-2547,29.172,-6.075,6.956,0.846,1.526,0.158,0.510
4FGL J1825.5-2647,35.246,-6.637,6.162,0.364,1.183,0.190,0.337
4FGL J1825.8+1204,50.067,11.078,40.913,0.479,1.396,0.137,0.420
4FGL J1825.9-3153,104.757,-9.069,1.630,0.604,0.609,0.469,0.364
4FGL J1827.5+1141,369.780,10.566,40.759,0.601,1.562,1.035,0.182
4FGL J1828.1-1312,72.783,-0.949,18.561,1.241,0.100,2514.611,0.603
4FGL J1828.2-3252,70.246,-9.870,0.968,1.262,3.399,0.224,0.673
4FGL J1829.6-2545,108.096,-7.028,7.488,1.973,0.306,3.807,
4FGL J1829.6-4310,43.544,-14.458,351.572,1.410,1.602,0.086,0.586
4FGL J1830.7-1634,667.849,-3.039,15.853,0.444,1.536,10.456,0.134
4FGL J1830.7-2414,76.247,-6.572,8.998,1.580,0.664,0.845,0.624
4FGL J1830.8-3132,274.725,-9.808,2.423,1.100,2.276,1.073,0.311
4FGL J1831.2-0013,35.851,4.437,30.413,1.245,1.778,0.723,0.568
4FGL J1831.8-2514,41.985,-7.204,8.214,1.332,1.240,0.370,0.712
4FGL J1832.4-0847,182.980,0.194,22.966,1.747,2.974,21.308,0.448
4FGL J1833.4+1109,36.170,8.990,40.862,0.807,3.181,0.100,0.400
4FGL J1834.3+0613,116.143,6.653,36.577,0.877,1.616,0.547,0.440
4FGL J1834.9-0800,105.302,0.015,23.888,0.821,0.270,70.500,0.227
4FGL J1835.1-0517,55.451,1.209,26.372,1.999,0.100,42.888,
4FGL J1835.3-2439,124.302,-7.665,9.099,0.127,0.100,173.537,0.157
4FGL J1836.1-2656,41.297,-8.861,7.088,1.603,0.100,2.800,0.583
4FGL J1836.8-2354,113.454,-7.650,10.071,1.017,0.565,1.283,0.307
4FGL J1837.9-0620,89.282,0.075,25.798,0.290,0.145,17.776,0.204
4FGL J1838.2+3223,155.030,16.675,61.298,0.751,0.612,0.351,0.369
4FGL J1838.4-0545,262.022,0.307,26.384,0.773,0.100,1275.591,0.305
4FGL J1838.7-0601,81.509,0.047,26.104,0.146,0.178,13.712,0.168
4FGL J1839.0-1502,69.877,-4.132,18.131,0.666,0.823,0.644,0.346
4FGL J1840.3+1105,36.560,7.479,41.582,0.619,2.468,0.084,0.379
4FGL J1840.4-1705,60.588,-5.376,16.437,0.320,1.856,0.239,0.299
4FGL J1840.4-1139,136.480,-2.891,21.303,1.299,2.085,2.203,0.398
4FGL J1842.1+2737,367.631,14.064,57.052,1.292,2.325,0.878,0.299
4FGL J1843.3-1242,162.314,-3.991,20.679,0.665,1.039,2.016,0.264
4FGL J1843.7-0326,282.544,0.169,29.015,0.381,0.100,2392.616,0.158
4FGL J1844.8-0957,65.400,-3.042,23.295,0.500,0.685,0.782,0.282
4FGL J1845.8-2521,241.400,-10.112,9.518,0.612,0.914,1.669,0.155
4FGL J1846.0+0507,151.515,3.529,36.892,0.894,2.365,1.262,0.382
4FGL J1847.0-0625,93.005,-1.919,26.713,0.998,1.900,1.183,0.395
4FGL J1847.2-0141,271.247,0.196,30.928,0.513,0.990,62.240,0.170
4FGL J1847.7-0125,41.092,0.324,31.398,0.101,1.852,3.241,0.152
4FGL J1847.7-3433,88.751,-14.235,1.127,1.119,1.109,0.197,0.519
4FGL J1848.2-1309,26.579,-5.253,20.807,1.422,1.869,0.181,0.612
4FGL J1848.8+0701,67.260,3.771,38.832,1.887,0.146,10.701,0.600
4FGL J1849.0-1826,69.966,-7.790,16.159,0.865,0.694,0.413,0.417
4FGL J1849.4-0117,71.095,-0.209,31.536,0.246,0.660,7.146,0.147
4FGL J1849.8-0952,29.824,-4.176,23.900,1.702,0.100,11.153,0.626
4FGL J1850.8-1105,104.808,-4.871,22.900,1.573,0.729,1.021,0.624
4FGL J1851.0+1558,67.860,7.274,47.161,1.000,0.749,0.321,0.580
4FGL J1851.5+0718,143.311,3.298,39.468,1.413,2.058,2.444,0.477
4FGL J1852.6+0203,130.428,0.652,34.911,0.445,1.382,8.463,0.204
4FGL J1852.6-1159,60.449,-5.694,22.346,0.446,0.100,16.364,0.276
4FGL J1852.7-1242,46.351,-6.056,21.724,0.665,1.403,0.263,0.352
4FGL J1853.0-0956,90.116,-4.928,24.164,0.982,0.886,0.974,0.488
4FGL J1853.6-0620,99.104,-3.345,27.505,0.480,0.906,1.091,0.262
4FGL J1853.8-1107,74.486,-5.497,23.345,0.218,0.978,0.720,0.216
4FGL J1854.7+0153,108.695,0.226,35.031,0.443,1.926,8.404,0.211
4FGL J1855.2+0456,169.790,1.403,37.810,0.500,0.100,793.834,0.161
4FGL J1855.3-0740,99.427,-4.455,26.404,1.988,0.494,3.171,
4FGL J1855.6-3603,41.048,-16.348,0.223,1.784,1.839,0.095,0.529
4FGL J1855.8+0150,149.879,-0.156,35.064,0.355,0.550,28.157,0.149
4FGL J1856.5+1735,188.184,6.836,49.256,1.003,0.670,1.270,0.365
4FGL J1856.7-0116,37.922,-1.735,32.349,0.492,0.844,1.121,0.329
4FGL J1857.8-3220,91.064,-15.360,4.066,0.496,1.412,0.263,0.223
4FGL J1858.0-1052,109.069,-6.382,24.002,1.434,0.470,1.921,0.699
4FGL J1858.3-1318,76.066,-7.497,21.790,0.734,0.131,2.126,0.320
4FGL J1858.5-4446,126.038,-19.933,351.969,0.461,0.807,0.240,0.232
4FGL J1858.9+3636,90.477,14.394,67.007,1.295,1.024,0.115,0.512
4FGL J1859.2-0706,66.893,-4.981,27.444,0.556,1.727,0.265,0.252
4FGL J1859.3+0058,78.512,-1.310,34.699,0.276,1.867,2.397,0.215
4FGL J1900.4+0339,230.443,-0.343,37.216,0.704,1.218,28.157,0.178
4FGL J1900.9+0538,39.272,0.481,39.052,0.837,1.573,1.918,0.228
4FGL J1901.1+0730,141.405,1.251,40.707,0.407,1.863,3.289,0.142
4FGL J1901.5-1112,77.218,-7.288,24.064,0.283,0.692,0.608,0.224
4FGL J1901.8-0718,205.482,-5.606,27.587,0.994,0.428,2.304,0.358
4FGL J1902.4-3417,68.931,-16.973,2.433,0.925,0.902,0.233,0.390
4FGL J1902.5+0654,118.650,0.700,40.345,0.406,1.918,2.702,0.165
4FGL J1902.8-0855,76.457,-6.587,26.261,1.702,0.618,1.084,0.673
4FGL J1904.0-5925,112.026,-24.688,336.889,0.588,1.146,0.146,0.259
4FGL J1904.7-0708,679.378,-6.216,28.067,0.602,0.718,8.717,0.120
4FGL J1906.0-1718,84.771,-10.945,18.976,1.095,1.904,0.256,0.538
4FGL J1906.1+1651,132.675,4.446,49.607,1.921,3.335,0.521,0.366
4FGL J1906.4-2001,67.444,-12.168,16.470,1.611,1.084,0.296,0.785
4FGL J1906.9+0712,772.025,-0.154,41.130,0.449,1.084,82.062,0.124
4FGL J1908.7+0812,128.957,-0.064,42.180,0.814,0.129,39.809,0.179
4FGL J1908.8-0131,726.216,-4.565,33.542,0.974,1.496,9.976,0.163
4FGL J1909.2+4646,101.922,16.532,77.463,1.193,1.864,0.093,0.452
4FGL J1910.1-4704,70.681,-22.525,350.281,1.153,0.888,0.156,0.554
4FGL J1911.4-4856,111.507,-23.245,348.350,1.463,1.842,0.198,0.598
4FGL J1912.0+0927,50.625,-0.178,43.604,0.613,0.508,5.436,0.212
4FGL J1912.5+1320,89.855,1.446,47.181,0.645,0.100,162.115,0.232
4FGL J1912.7+4610,182.789,15.773,77.218,0.647,1.060,0.238,0.194
4FGL J1913.4-1526,137.927,-11.755,21.442,1.506,2.064,0.466,0.544
4FGL J1914.6-1157,84.295,-10.511,24.801,0.659,0.624,0.708,0.248
4FGL J1916.8-3025,643.954,-18.407,7.511,0.529,2.948,2.310,0.133
4FGL J1917.6-3204,140.325,-19.117,5.942,0.375,1.510,0.381,0.201
4FGL J1920.0-2622,81.141,-17.571,11.784,0.709,1.297,0.179,0.278
4FGL J1924.8-1035,358.657,-12.168,27.166,0.870,2.077,2.106,0.218
4FGL J1927.4+0253,95.874,-6.671,39.701,1.402,1.049,0.567,0.626
4FGL J1929.0+1729,134.266,-0.055,52.686,0.707,1.615,6.409,0.147
4FGL J1931.1+1656,692.091,-0.766,52.446,0.654,0.358,97.701,0.131
4FGL J1934.2-1446,78.584,-16.118,24.374,1.381,0.393,0.626,0.815
4FGL J1934.2+1036,51.789,-4.497,47.291,0.451,0.193,2.833,0.316
4FGL J1936.6+1921,63.470,-0.753,55.299,0.765,0.969,1.426,0.429
4FGL J1940.2-2511,118.840,-21.337,14.675,0.490,1.233,0.259,0.174
4FGL J1943.9+2841,66.225,2.365,64.182,0.709,1.449,0.467,0.364
4FGL J1944.8+4301,173.949,9.271,76.827,0.957,2.756,0.229,0.375
4FGL J1946.5-1527,50.130,-18.982,24.846,0.491,2.851,0.080,0.259
4FGL J1947.0+0031,67.294,-12.073,39.847,0.960,3.227,0.140,0.357
4FGL J1948.1+2511,59.094,-0.228,61.636,1.702,1.231,2.073,0.818
4FGL J1948.9+3414,114.173,4.189,69.493,1.115,1.632,0.418,0.369
4FGL J1949.2-1453,112.369,-19.398,25.677,0.304,1.607,0.194,0.162
4FGL J1951.0+2523,141.440,-0.659,62.196,1.090,0.787,5.608,0.390
4FGL J1951.6+2621,85.013,-0.232,62.957,0.525,0.814,2.045,0.283
4FGL J1954.5+2420,88.710,-1.892,61.641,1.435,0.975,1.658,0.708
4FGL J2004.9+3421,39.241,1.441,71.321,0.572,0.952,0.624,0.292
4FGL J2007.2-3157,91.247,-29.106,9.648,0.428,3.656,0.151,0.243
4FGL J2007.9+2511,122.379,-3.969,63.974,1.301,1.972,0.903,0.509
4FGL J2009.9-2116,91.446,-26.341,21.307,1.344,2.470,0.131,0.501
4FGL J2026.0+4718,56.396,5.321,84.362,1.018,1.924,0.242,0.462
4FGL J2026.3+1431,224.272,-13.451,57.278,0.879,1.802,0.316,0.310
4FGL J2027.0+2811,436.087,-5.882,68.833,1.357,0.923,5.661,0.252
4FGL J2031.7+3138,58.513,-4.734,72.246,1.218,1.567,0.248,0.467
4FGL J2038.4+4212,169.908,0.528,81.587,0.680,1.287,7.773,0.135
4FGL J2041.1+4736,1290.122,3.458,86.094,0.659,1.117,25.460,0.099
4FGL J2043.9-4802,461.037,-38.279,351.625,1.150,1.569,0.853,0.249
4FGL J2046.1-1626,172.608,-32.614,30.084,0.808,1.430,0.252,0.266
4FGL J2050.4-3015,45.232,-37.788,14.267,1.942,1.455,0.086,
4FGL J2051.7+5051,443.119,4.128,89.723,1.038,1.588,6.219,0.277
4FGL J2052.1+5539,40.297,7.257,93.369,0.203,1.039,0.222,0.182
4FGL J2054.2+6904,250.001,15.299,104.373,0.793,0.894,0.702,0.209
4FGL J2056.4-5922,150.068,-38.908,336.967,0.592,1.183,0.175,0.239
4FGL J2058.0+3338,76.355,-7.839,77.258,0.865,2.111,0.146,0.381
4FGL J2108.0+5155,278.265,2.942,92.196,0.611,0.790,9.057,0.220
4FGL J2110.7+5129,48.722,2.260,92.003,1.093,0.264,3.084,0.539
4FGL J2112.0+3744,82.765,-7.227,82.237,0.289,0.170,1.415,0.272
4FGL J2112.5-3043,3996.788,-42.434,14.893,0.977,2.209,26.199,0.081
4FGL J2114.3+5023,249.564,1.147,91.743,0.439,0.640,4.225,0.177
4FGL J2117.9+3729,231.189,-8.278,82.878,0.575,1.627,0.509,0.354
4FGL J2120.0+5257,40.350,2.304,94.174,0.471,1.365,0.373,0.277
4FGL J2120.5+4331,38.033,-4.540,87.651,0.793,0.505,0.333,0.430
4FGL J2124.9-2433,55.563,-43.835,24.006,0.499,1.733,0.060,0.611
4FGL J2133.1-6432,635.937,-41.284,328.764,1.175,1.289,1.203,0.224
4FGL J2201.0-6928,278.353,-41.062,321.298,1.230,1.693,0.250,0.396
4FGL J2212.4+0708,387.296,-38.472,68.811,1.002,1.151,1.052,0.277
4FGL J2218.8+4736,157.111,-7.751,98.074,1.016,1.395,0.284,0.337
4FGL J2219.7-6837,331.085,-42.878,320.713,1.246,2.209,0.254,0.360
4FGL J2220.8+6319,352.425,5.233,106.961,0.665,0.431,10.075,0.173
4FGL J2227.1+6455,61.984,6.106,108.491,0.210,0.329,0.872,0.200
4FGL J2241.4-8327,185.485,-32.586,307.097,0.838,1.607,0.244,0.329
4FGL J2249.4+6222,129.575,2.764,109.308,1.482,0.100,260.209,0.623
4FGL J2250.5+3305,373.412,-23.295,95.610,1.183,0.843,1.089,0.275
4FGL J2342.4-4739,402.673,-65.428,331.597,0.894,1.125,0.392,0.237
4FGL J2358.7+5646,73.092,-5.371,115.717,1.450,2.001,0.123,0.652
4FGL J0116.8+6914,122.994,6.479,125.175,1.931,0.539,1.952,0.495
4FGL J0349.6+4026,60.688,-10.796,155.848,0.786,1.008,0.196,0.338
4FGL J0444.4+1621,46.570,-18.708,182.336,0.418,1.121,0.175,0.274
4FGL J0813.1-5049,51.876,-9.224,266.102,0.627,0.687,0.305,0.358
4FGL J0942.1-5215,37.762,0.459,276.204,0.373,1.524,0.221,0.213
4FGL J1205.1-5951,30.364,2.513,297.289,0.136,1.956,0.160,0.576
4FGL J1353.5-6128,61.269,0.536,310.273,0.433,1.782,1.855,0.394
4FGL J1408.1-6010,36.601,1.315,312.408,0.300,4.429,0.472,0.072
4FGL J1456.3-5419,98.077,4.147,320.536,1.388,0.616,1.147,0.606
4FGL J1513.0-3118,48.114,22.553,335.356,0.880,2.702,0.100,0.468
4FGL J1702.7-5655,3814.772,-9.236,332.397,0.617,0.447,61.008,0.064
4FGL J1706.4-4609,163.159,-3.245,341.406,0.328,0.100,87.996,0.278
4FGL J1710.1-4541,101.784,-3.551,342.007,0.420,1.090,1.721,0.219
4FGL J1722.8-0418,164.374,17.483,18.481,0.388,1.830,0.883,0.137
4FGL J1727.7-3621,162.402,-0.929,351.733,0.661,0.100,853.253,0.356
4FGL J1757.1-1926,64.150,2.517,9.467,0.631,0.816,1.623,0.312
4FGL J1757.6-2731,93.827,-1.565,2.690,0.893,0.100,15.201,0.438
4FGL J1758.8-2326,139.987,0.250,6.223,0.515,2.398,7.579,0.260
4FGL J1759.7-2354,251.262,-0.100,5.933,0.427,1.587,29.577,0.148
4FGL J1813.5+2819,182.117,20.175,55.229,0.915,2.583,0.250,0.316
4FGL J1858.0+0354,731.341,0.293,37.219,0.888,0.100,1404.236,0.191
4FGL J1857.4+0106,761.414,-0.798,34.529,1.242,2.197,138.171,0.546
4FGL J1904.7+0615,76.465,-0.132,39.977,1.192,0.100,1907.050,0.431
4FGL J1912.7+0957,111.885,-0.091,44.246,0.788,0.724,13.517,0.211
4FGL J1919.4+1313,77.649,-0.165,47.976,0.922,0.819,9.848,0.279
4FGL J1936.8-0553,36.748,-12.784,32.826,0.296,2.568,0.095,0.227
4FGL J2001.5+1611,54.011,-7.434,55.434,1.598,0.100,5.955,0.456
4FGL J2104.0+4623,52.861,-0.196,87.802,0.898,0.612,1.377,0.408
4FGL J2323.9+6219,30.486,1.182,113.165,0.060,0.100,24.430,0.204
