name,glon,glat,ts,r95,curvature,Fp,Ep,source type
4FGL J0002.8+6217,117.325,-0.054,1400.081,0.029,0.866,17.406,1.022,young
4FGL J0003.6+3059,111.025,-30.789,189.403,0.054,2.000,0.276,1.803,UNID-PSR
4FGL J0005.5+6634,118.389,4.110,44.554,0.165,0.810,0.713,0.479,UNID-PSR
4FGL J0005.6+6746,118.630,5.207,31.646,0.110,0.862,0.141,1.322,UNID-PSR
4FGL J0007.0+7303,119.663,10.463,385259.767,0.008,0.300,20687.194,2.383,young
4FGL J0023.4+0920,111.384,-52.870,864.019,0.030,0.766,2.280,1.563,MSP
4FGL J0030.4+0451,113.131,-57.612,26115.682,0.012,0.701,313.019,1.420,MSP
4FGL J0034.3-0534,111.491,-68.071,4149.070,0.019,0.388,15.006,1.005,MSP
4FGL J0039.1+6257,121.531,0.119,853.259,0.028,1.149,8.874,1.685,UNID-PSR
4FGL J0048.6-6347,303.472,-53.378,304.628,0.037,0.613,0.163,1.871,UNID-PSR
4FGL J0052.1+6444,123.031,1.881,114.708,0.076,1.483,1.071,1.415,UNID-PSR
4FGL J0101.1-6422,301.192,-52.718,4694.224,0.017,0.652,10.242,1.308,MSP
4FGL J0102.8+4839,124.886,-14.169,2446.102,0.017,0.428,8.729,1.523,MSP
4FGL J0106.4+4855,125.470,-13.865,4735.876,0.015,0.694,27.528,2.237,young
4FGL J0131.7-5346,290.100,-62.306,146.025,0.055,1.085,0.084,1.464,UNID-PSR
4FGL J0136.4+6911,126.930,6.668,60.653,0.301,1.011,1.103,0.356,UNID-PSR
4FGL J0139.5-2228,192.420,-78.155,200.617,0.054,1.024,0.126,2.067,UNID-PSR
4FGL J0140.4+5114,130.684,-10.873,56.475,0.115,1.837,0.253,0.818,UNID-PSR
4FGL J0142.5+6650,127.960,4.501,83.393,0.132,0.749,1.357,0.353,UNID-PSR
4FGL J0204.7+6656,130.049,5.045,161.151,0.054,0.674,1.048,0.791,UNID-PSR
4FGL J0235.3+5650,136.825,-3.188,395.908,0.058,0.863,4.404,0.602,UNID-PSR
4FGL J0237.8+5238,138.824,-6.914,847.300,0.025,0.997,3.362,1.662,UNID-PSR
4FGL J0248.4+6021,136.902,0.721,2608.727,0.026,0.685,135.966,0.391,young
4FGL J0248.6+4230,144.901,-15.320,176.922,0.050,0.887,0.188,1.551,MSP
4FGL J0251.0+2605,153.877,-29.494,520.265,0.033,0.922,1.258,1.582,MSP
4FGL J0304.6+6554,135.975,6.471,71.232,0.049,1.306,0.153,2.669,UNID-PSR
4FGL J0307.8+7443,131.705,14.219,4679.082,0.015,0.935,32.013,1.474,MSP
4FGL J0312.1-0921,191.484,-52.360,704.584,0.033,0.403,1.359,1.278,MSP
4FGL J0318.2+0254,178.456,-43.603,808.685,0.029,0.883,2.470,1.853,MSP
4FGL J0318.8+2848,157.999,-23.922,37.111,0.241,0.957,0.118,1.291,UNID-PSR
4FGL J0330.1+5038,146.898,-4.700,145.813,0.069,0.514,0.763,0.633,MSP
4FGL J0330.7+5845,142.295,1.793,62.905,0.156,1.796,1.321,0.893,UNID-PSR
4FGL J0340.3+4130,153.787,-11.021,4288.184,0.014,0.618,30.118,2.644,MSP
4FGL J0341.9+3153,160.323,-18.199,84.301,0.074,0.551,0.648,0.854,UNID-PSR
4FGL J0356.9+3013,163.941,-17.542,35.096,0.114,0.982,0.083,1.294,UNID-PSR
4FGL J0357.8+3204,162.761,-16.010,19452.208,0.013,1.184,518.375,0.770,young
4FGL J0359.3+3626,159.962,-12.615,72.304,0.115,1.440,0.376,0.808,UNID-PSR
4FGL J0409.7+4006,159.051,-8.487,65.665,0.135,0.832,0.726,0.602,UNID-PSR
4FGL J0414.7-4300,247.897,-46.231,371.272,0.050,1.363,0.530,0.841,UNID-PSR
4FGL J0418.9+6636,141.523,11.547,1171.762,0.019,0.488,3.946,1.820,MSP
4FGL J0423.0-0943,204.177,-37.314,108.220,0.048,1.028,0.103,2.040,UNID-PSR
4FGL J0426.5+5434,150.872,3.827,1319.748,0.039,0.992,49.943,0.493,UNID-PSR
4FGL J0431.0+3529,165.330,-8.758,72.065,0.138,2.000,1.105,0.825,UNID-PSR
4FGL J0435.5+3232,168.165,-9.999,88.930,0.044,0.741,0.156,2.779,UNID-PSR
4FGL J0436.9+2915,170.892,-11.946,281.530,0.037,0.346,1.177,0.804,UNID-PSR
4FGL J0437.2-4715,253.401,-41.956,6658.197,0.020,0.855,27.982,0.660,MSP
4FGL J0441.8+2600,174.164,-13.174,75.305,0.112,2.000,1.634,0.748,UNID-PSR
4FGL J0447.2+2446,175.909,-13.049,95.021,0.064,1.460,0.729,1.407,UNID-PSR
4FGL J0506.1+5028,157.895,5.785,164.292,0.041,1.266,0.419,3.395,MSP
4FGL J0514.6-4408,249.505,-35.388,848.050,0.043,0.927,2.426,0.492,young
4FGL J0531.7+1241,192.236,-11.293,87.468,0.093,0.774,0.807,0.509,UNID-PSR
4FGL J0532.6+3358,174.344,0.263,51.856,0.166,1.071,0.722,0.632,UNID-PSR
4FGL J0533.2+3024,177.294,-1.492,39.997,0.142,1.514,0.269,1.682,UNID-PSR
4FGL J0533.6+5945,152.280,14.170,389.757,0.042,1.006,1.844,0.776,UNID-PSR
4FGL J0533.8+6800,144.778,18.190,1817.731,0.018,0.537,3.686,2.243,MSP
4FGL J0535.0+3615,172.570,1.952,43.931,0.132,1.038,0.284,1.446,UNID-PSR
4FGL J0538.9+3549,173.599,2.435,88.838,0.088,1.269,1.152,1.304,UNID-PSR
4FGL J0540.0+3501,174.202,2.195,35.232,0.124,0.898,0.241,1.188,UNID-PSR
4FGL J0540.7+3611,173.290,2.864,112.003,0.125,0.882,2.341,0.662,UNID-PSR
4FGL J0541.4-0754,212.106,-19.103,39.683,0.109,1.986,0.712,1.316,UNID-PSR
4FGL J0543.9-0418,208.941,-17.179,58.782,0.111,1.127,0.384,0.963,UNID-PSR
4FGL J0545.7+6016,152.555,15.740,965.689,0.020,0.567,1.529,2.554,UNID-PSR
4FGL J0549.0-0233,208.017,-15.025,52.445,0.113,1.036,0.315,1.004,UNID-PSR
4FGL J0551.7+0446,201.753,-10.958,121.741,0.109,1.035,3.870,0.323,UNID-PSR
4FGL J0553.6+0100,205.306,-12.337,50.573,0.165,1.954,0.766,0.725,UNID-PSR
4FGL J0554.0-0839,214.255,-16.665,54.474,0.065,0.549,0.126,0.976,UNID-PSR
4FGL J0554.1+3107,179.069,2.703,2512.039,0.026,0.934,36.365,1.142,young
4FGL J0555.1+0150,204.745,-11.680,87.720,0.083,0.961,1.024,0.751,UNID-PSR
4FGL J0558.2+0132,205.412,-11.122,29.180,0.198,1.600,0.240,0.959,UNID-PSR
4FGL J0600.8+0509,202.457,-8.810,37.549,0.096,0.836,0.216,0.906,UNID-PSR
4FGL J0601.0-1016,216.386,-15.826,52.043,0.107,1.343,0.333,1.021,UNID-PSR
4FGL J0604.9-1042,217.387,-15.129,31.305,0.110,0.959,0.099,1.232,UNID-PSR
4FGL J0605.1+3757,174.205,8.038,723.289,0.029,0.968,3.429,1.594,MSP
4FGL J0609.0+2136,189.046,0.935,76.244,0.121,1.265,1.527,1.070,UNID-PSR
4FGL J0609.0+2006,190.267,0.063,87.067,0.171,1.638,4.543,0.601,UNID-PSR
4FGL J0610.2-2100,227.740,-18.180,928.801,0.031,0.637,2.413,1.098,MSP
4FGL J0610.9+2040,189.923,0.777,46.563,0.267,1.557,1.717,0.690,UNID-PSR
4FGL J0613.7-0201,210.420,-9.307,6348.445,0.015,0.445,85.743,1.071,MSP
4FGL J0614.1-3329,240.500,-21.832,70398.762,0.009,0.336,1188.192,2.784,MSP
4FGL J0614.1+1628,194.070,-0.499,26.622,0.322,0.544,0.511,0.474,UNID-PSR
4FGL J0620.1+2246,189.240,3.693,132.971,0.061,0.223,0.910,3.394,UNID-PSR
4FGL J0621.2+2512,187.133,5.066,260.965,0.037,0.980,1.265,2.280,MSP
4FGL J0622.2+3749,175.874,10.974,3061.589,0.024,1.265,39.850,0.636,young
4FGL J0622.5+3120,181.714,8.173,171.949,0.065,0.578,0.887,0.576,UNID-PSR
4FGL J0622.7+2248,189.439,4.254,85.304,0.123,0.572,0.944,0.704,UNID-PSR
4FGL J0631.8+0645,204.684,-1.246,1091.201,0.026,0.922,21.753,2.611,young
4FGL J0633.9+1746,195.134,4.277,2589330.011,0.008,0.534,4976825.820,1.628,young
4FGL J0636.2-1057,221.070,-8.304,29.656,0.106,1.434,0.152,1.132,UNID-PSR
4FGL J0646.4-5455,264.438,-22.619,357.782,0.038,1.539,0.613,1.630,MSP
4FGL J0652.9+4707,169.236,19.780,184.038,0.059,1.413,0.315,1.160,MSP
4FGL J0657.4-4658,256.928,-18.511,226.943,0.043,0.706,0.236,1.838,MSP
4FGL J0700.6+3558,180.816,17.288,154.242,0.057,0.825,0.175,1.319,UNID-PSR
4FGL J0704.6-1055,224.123,-1.990,39.689,0.178,0.621,0.322,0.941,UNID-PSR
4FGL J0705.8-0004,214.605,3.167,74.257,0.122,1.147,0.479,0.970,UNID-PSR
4FGL J0712.0-6431,275.425,-22.193,155.640,0.048,1.255,0.161,1.916,UNID-PSR
4FGL J0715.7-1128,225.943,0.158,42.396,0.218,0.739,0.706,0.377,UNID-PSR
4FGL J0716.0-0826,223.309,1.539,26.595,0.169,1.143,0.182,0.909,UNID-PSR
4FGL J0718.8-5004,261.302,-16.403,118.676,0.063,1.524,0.194,1.740,UNID-PSR
4FGL J0722.4-2650,240.245,-5.672,184.171,0.041,0.489,0.655,0.795,UNID-PSR
4FGL J0722.7-2309,237.144,-3.884,35.476,0.310,1.072,0.489,0.721,UNID-PSR
4FGL J0725.3-2550,239.719,-4.687,89.841,0.186,0.777,2.865,0.293,UNID-PSR
4FGL J0731.5-1910,234.520,-0.158,54.205,0.201,0.959,1.089,0.690,UNID-PSR
4FGL J0734.7-1559,232.058,2.012,4837.564,0.020,0.438,104.971,0.669,young
4FGL J0736.9-3231,246.789,-5.577,306.040,0.053,0.644,6.492,0.339,UNID-PSR
4FGL J0737.9-3041,245.266,-4.509,30.526,0.123,0.315,0.065,0.880,MSP
4FGL J0739.6-4530,258.574,-11.267,45.396,0.064,1.259,0.065,1.838,UNID-PSR
4FGL J0741.0+6618,149.744,29.633,447.576,0.035,0.515,0.261,1.998,MSP
4FGL J0742.8-2822,243.781,-2.458,902.805,0.035,0.547,9.765,1.046,young
4FGL J0744.0-2525,241.349,-0.732,1290.753,0.029,0.774,16.006,1.458,young
4FGL J0744.9-4028,254.583,-8.001,223.647,0.039,0.865,0.724,1.972,UNID-PSR
4FGL J0749.8-4420,258.453,-9.111,70.918,0.072,0.795,0.125,1.320,UNID-PSR
4FGL J0751.2+1808,202.723,21.108,2037.916,0.020,0.875,7.446,2.226,MSP
4FGL J0752.0-2931,245.760,-1.291,153.179,0.094,1.389,1.813,1.006,UNID-PSR
4FGL J0754.9-3953,254.998,-6.066,214.898,0.035,1.501,1.026,2.199,UNID-PSR
4FGL J0758.8-1450,233.948,7.620,848.315,0.028,0.987,3.029,1.566,UNID-PSR
4FGL J0800.5+3715,183.369,29.111,56.744,0.081,1.905,0.055,1.468,UNID-PSR
4FGL J0821.5-1436,236.703,12.409,63.827,0.103,2.000,0.142,0.922,UNID-PSR
4FGL J0826.1-5053,267.330,-7.384,188.072,0.038,1.188,0.806,2.386,UNID-PSR
4FGL J0828.4-4444,262.568,-3.516,133.868,0.083,1.131,4.082,2.464,UNID-PSR
4FGL J0830.1-5454,270.966,-9.082,35.167,0.114,1.662,0.115,1.302,UNID-PSR
4FGL J0835.3-4510,263.553,-2.788,7689321.249,0.008,0.552,24603069.731,1.158,young
4FGL J0837.8-4048,260.392,0.177,36.148,0.150,1.112,0.594,1.446,UNID-PSR
4FGL J0838.4-3952,259.689,0.935,56.552,0.198,0.869,2.129,0.355,UNID-PSR
4FGL J0840.5-4122,261.042,0.270,45.742,0.203,1.360,1.977,0.732,UNID-PSR
4FGL J0840.6-3130,253.246,6.342,47.588,0.126,2.000,0.117,1.634,UNID-PSR
4FGL J0843.3+6712,147.784,35.598,741.030,0.024,0.758,0.569,2.663,MSP
4FGL J0843.9-4224,262.248,-0.039,31.506,0.239,0.874,1.089,0.606,UNID-PSR
4FGL J0844.1-4330,263.154,-0.442,90.279,0.215,1.692,4.212,1.001,UNID-PSR
4FGL J0847.8-4138,262.116,1.239,52.704,0.116,0.916,1.022,0.685,UNID-PSR
4FGL J0848.8-4328,263.687,0.129,222.827,0.083,0.568,12.986,0.423,UNID-PSR
4FGL J0850.3-4448,264.901,-0.465,46.907,0.153,0.877,0.989,0.867,UNID-PSR
4FGL J0853.1-4407,264.635,0.469,77.025,0.130,1.344,2.222,0.951,UNID-PSR
4FGL J0853.2-4218,263.309,1.557,78.445,0.105,0.799,2.606,0.505,UNID-PSR
4FGL J0854.8-4504,265.612,-0.032,1510.959,0.022,0.824,35.131,1.703,UNID-PSR
4FGL J0857.0-4353,264.881,1.048,45.379,0.168,1.212,1.155,0.750,UNID-PSR
4FGL J0857.7-4256,264.299,1.790,93.875,0.115,1.344,2.304,1.027,UNID-PSR
4FGL J0858.4-4615,266.934,-0.367,51.839,0.191,0.614,3.117,0.333,UNID-PSR
4FGL J0859.2-4729,267.950,-1.045,466.176,0.053,0.554,18.982,0.515,UNID-PSR
4FGL J0859.3-4342,265.013,1.478,183.903,0.088,0.794,8.280,0.552,UNID-PSR
4FGL J0900.1-4402,265.449,1.359,154.590,0.091,1.067,4.565,0.805,UNID-PSR
4FGL J0900.2-4608,266.991,-0.011,43.832,0.087,1.008,0.398,1.732,UNID-PSR
4FGL J0900.5-4434,265.848,1.140,138.495,0.101,0.888,6.967,0.579,UNID-PSR
4FGL J0901.3-4848,269.172,-1.624,34.303,0.161,1.056,0.617,1.159,UNID-PSR
4FGL J0902.8-4633,267.635,0.025,44.099,0.126,1.154,0.744,1.092,UNID-PSR
4FGL J0906.8-2122,248.901,17.137,407.296,0.071,1.025,4.445,0.339,UNID-PSR
4FGL J0908.7-4911,270.292,-1.059,698.737,0.046,1.282,45.910,0.738,young
4FGL J0916.2-5823,277.744,-6.481,44.767,0.134,1.132,0.162,0.972,UNID-PSR
4FGL J0917.9-4755,270.389,1.060,95.086,0.127,0.910,3.426,0.524,UNID-PSR
4FGL J0918.9-4904,271.334,0.294,46.815,0.180,0.831,0.967,0.765,UNID-PSR
4FGL J0919.5-6203,280.693,-8.775,139.524,0.046,0.568,0.204,1.127,UNID-PSR
4FGL J0926.1-5336,275.312,-2.138,120.208,0.058,1.622,1.001,2.491,UNID-PSR
4FGL J0930.1-5059,273.959,0.192,65.505,0.114,0.499,1.419,0.395,UNID-PSR
4FGL J0931.2-1906,251.032,23.029,162.468,0.057,0.970,0.175,1.833,MSP
4FGL J0933.8-6232,282.230,-7.910,2594.758,0.016,1.205,16.692,2.216,UNID-PSR
4FGL J0951.8-5944,282.016,-4.363,115.116,0.108,0.522,1.394,0.376,UNID-PSR
4FGL J0952.1-0607,243.643,35.381,222.949,0.047,0.781,0.269,1.602,MSP
4FGL J0953.6-1509,251.907,29.610,1198.027,0.026,1.027,3.284,1.570,UNID-PSR
4FGL J0955.3-3949,269.926,11.534,1195.310,0.027,0.334,7.013,0.294,MSP
4FGL J0955.4-6151,283.690,-5.737,588.155,0.030,0.417,2.926,0.491,MSP
4FGL J1000.5-5709,281.340,-1.636,64.119,0.138,1.107,1.950,1.270,UNID-PSR
4FGL J1003.2-5737,282.024,-1.665,147.181,0.100,1.021,7.649,0.789,UNID-PSR
4FGL J1005.5-5708,281.837,-1.079,130.259,0.099,1.112,7.971,0.745,UNID-PSR
4FGL J1008.7-4659,276.307,7.305,41.247,0.101,1.299,0.069,1.498,MSP
4FGL J1012.1-4235,274.224,11.232,448.923,0.030,0.416,0.779,1.420,MSP
4FGL J1015.1-6353,286.768,-6.068,103.310,0.055,0.804,0.242,1.329,UNID-PSR
4FGL J1016.2-5729,283.254,-0.693,36.619,0.114,0.418,0.873,0.746,UNID-PSR
4FGL J1016.3-5857,284.087,-1.876,3710.315,0.016,0.497,283.506,0.810,young
4FGL J1018.2+0145,241.080,45.424,73.343,0.098,1.973,0.169,0.960,UNID-PSR
4FGL J1019.8-5749,283.840,-0.686,653.411,0.032,0.525,33.095,0.909,young
4FGL J1020.4-5508,282.446,1.600,57.388,0.064,1.184,0.180,3.588,UNID-PSR
4FGL J1020.4-5314,281.399,3.204,192.602,0.070,0.871,1.664,0.699,UNID-PSR
4FGL J1023.0-5745,284.170,-0.401,14670.349,0.013,0.594,2785.384,0.666,young
4FGL J1024.5-0719,251.693,40.493,474.706,0.036,0.986,0.837,1.746,MSP
4FGL J1026.2-5731,284.403,0.009,526.938,0.041,0.953,37.879,1.069,UNID-PSR
4FGL J1028.5-5819,285.063,-0.497,39457.510,0.010,0.367,4876.335,0.924,young
4FGL J1035.4-6720,290.378,-7.840,3269.624,0.016,0.933,26.141,1.621,MSP
4FGL J1036.5-8318,298.943,-21.501,401.118,0.032,0.815,0.772,1.783,MSP
4FGL J1036.6-4349,278.712,12.561,200.499,0.041,0.389,0.242,1.268,MSP
4FGL J1037.8-5810,285.982,0.214,196.497,0.063,0.869,5.827,1.175,UNID-PSR
4FGL J1038.8-5848,286.480,-0.243,76.347,0.091,0.428,0.940,1.492,UNID-PSR
4FGL J1044.4-5737,286.580,1.160,11245.225,0.013,0.635,774.807,0.744,young
4FGL J1046.7-6010,288.094,-0.963,161.499,0.071,0.498,7.678,0.541,UNID-PSR
4FGL J1048.2-5832,287.428,0.575,35136.584,0.010,0.393,3138.956,0.846,young
4FGL J1048.5-5923,287.841,-0.147,401.713,0.053,1.185,27.435,0.876,UNID-PSR
4FGL J1048.6+2340,213.147,62.141,496.129,0.038,0.268,0.557,0.617,MSP
4FGL J1054.0-5938,288.468,-0.063,28.644,0.111,1.230,0.321,2.540,UNID-PSR
4FGL J1055.7-6028,289.145,-0.729,530.808,0.030,0.661,14.470,1.328,young
4FGL J1056.9-5852,288.596,0.770,643.260,0.040,1.231,26.434,0.919,young
4FGL J1057.9-5227,285.986,6.649,204311.233,0.009,0.782,18145.615,1.171,young
4FGL J1102.4+0246,251.309,54.426,90.875,0.066,1.816,0.123,1.817,MSP
4FGL J1104.9-6037,290.234,-0.405,1500.022,0.024,0.671,79.130,0.848,young
4FGL J1105.4-6108,290.489,-0.862,638.594,0.037,0.611,32.937,0.564,young
4FGL J1106.7-1742,270.478,38.491,284.120,0.041,0.724,0.344,1.466,UNID-PSR
4FGL J1111.8-6039,291.022,-0.108,5363.431,0.013,0.523,234.942,2.480,young
4FGL J1112.1-6108,291.213,-0.466,470.335,0.037,0.719,16.600,1.432,young
4FGL J1112.2-6055,291.162,-0.296,352.903,0.047,0.396,24.810,0.552,UNID-PSR
4FGL J1119.1-6127,292.124,-0.542,1310.240,0.027,0.600,66.310,0.810,young
4FGL J1120.0-2204,276.494,36.064,4523.991,0.019,1.026,26.812,1.096,UNID-PSR
4FGL J1124.0-3653,284.097,22.759,2238.603,0.019,0.543,7.993,1.947,MSP
4FGL J1124.7-5915,292.036,1.755,7592.950,0.017,0.414,319.279,0.339,young
4FGL J1125.6-5825,291.870,2.599,473.284,0.032,0.769,2.507,2.672,MSP
4FGL J1126.0-5007,289.213,10.471,95.770,0.059,1.765,0.173,2.682,UNID-PSR
4FGL J1126.4-6011,292.507,0.916,105.443,0.062,0.294,0.763,0.397,MSP
4FGL J1127.9-6158,293.281,-0.723,124.443,0.074,1.149,4.313,1.081,UNID-PSR
4FGL J1133.7-6223,294.100,-0.839,100.459,0.133,0.865,5.755,0.664,UNID-PSR
4FGL J1135.2-6055,293.800,0.579,4010.471,0.018,0.433,156.227,0.512,young
4FGL J1137.6+7527,128.953,40.792,62.198,0.071,0.876,0.020,2.050,MSP
4FGL J1139.2-6247,294.785,-1.057,629.003,0.027,0.441,11.622,2.079,young
4FGL J1146.0-6822,296.950,-6.192,90.379,0.059,1.000,0.201,1.598,UNID-PSR
4FGL J1147.7-6618,296.539,-4.197,43.001,0.140,0.960,0.168,1.390,MSP
4FGL J1152.0-6107,295.825,0.908,490.935,0.039,0.461,7.834,0.643,young
4FGL J1154.5-5952,295.822,2.146,96.904,0.128,0.900,1.621,0.569,UNID-PSR
4FGL J1157.2-6059,296.404,1.225,53.699,0.178,0.803,2.167,0.367,UNID-PSR
4FGL J1157.7-6327,296.944,-1.246,116.027,0.122,1.033,4.986,0.715,UNID-PSR
4FGL J1201.4-6703,298.079,-4.662,42.143,0.115,0.724,0.111,1.273,UNID-PSR
4FGL J1202.9-5717,296.487,5.162,52.842,0.100,1.051,0.242,0.798,UNID-PSR
4FGL J1203.4-6145,297.232,0.574,96.964,0.106,0.583,1.897,0.670,UNID-PSR
4FGL J1203.5-1748,287.120,43.603,110.021,0.060,0.865,0.111,1.755,UNID-PSR
4FGL J1203.5-5745,296.562,4.541,45.751,0.135,1.067,0.190,1.032,UNID-PSR
4FGL J1203.7-6303,297.539,-0.693,146.271,0.083,1.097,5.688,1.147,UNID-PSR
4FGL J1204.3-6111,297.303,1.117,52.091,0.211,1.246,2.988,0.444,UNID-PSR
4FGL J1204.5-5032,295.362,11.644,280.626,0.045,1.506,1.073,1.376,UNID-PSR
4FGL J1205.3-6212,297.576,0.156,64.444,0.088,0.578,1.105,1.074,UNID-PSR
4FGL J1206.8-6038,297.495,1.760,60.695,0.090,0.767,0.647,0.856,UNID-PSR
4FGL J1206.8-5836,296.949,3.748,51.269,0.160,1.191,0.604,0.634,UNID-PSR
4FGL J1207.4-5050,295.868,11.416,440.122,0.037,0.917,1.426,1.589,MSP
4FGL J1207.4-4536,294.912,16.580,228.882,0.045,0.782,0.430,1.163,UNID-PSR
4FGL J1207.9-6443,298.309,-2.231,147.343,0.072,1.169,1.975,1.303,UNID-PSR
4FGL J1208.0-6900,299.037,-6.473,252.514,0.046,0.770,0.851,1.101,UNID-PSR
4FGL J1208.2-6237,297.985,-0.175,1429.020,0.023,0.494,50.582,1.033,young
4FGL J1208.5-5512,296.787,7.174,59.143,0.073,0.909,0.101,1.619,UNID-PSR
4FGL J1209.4-6421,298.410,-1.872,31.537,0.189,0.906,0.339,1.154,UNID-PSR
4FGL J1209.9-5923,297.559,3.271,41.733,0.142,2.000,0.307,1.334,UNID-PSR
4FGL J1210.4-6250,298.250,-0.319,422.967,0.050,1.188,39.574,0.805,UNID-PSR
4FGL J1213.6-5954,298.194,2.598,120.805,0.112,0.852,1.905,0.615,UNID-PSR
4FGL J1213.9-4416,295.890,18.093,373.216,0.040,0.277,1.050,0.393,UNID-PSR
4FGL J1216.7-5911,298.535,3.320,182.779,0.092,0.723,3.962,0.386,UNID-PSR
4FGL J1216.8-5955,298.765,2.680,125.195,0.089,0.527,1.266,0.577,UNID-PSR
4FGL J1218.1-6028,298.835,2.127,39.577,0.151,1.215,0.353,0.978,UNID-PSR
4FGL J1221.4-0634,289.712,55.529,597.940,0.033,0.597,1.107,1.793,MSP
4FGL J1224.6-6408,300.015,-1.418,78.750,0.086,0.536,1.120,0.643,young
4FGL J1225.9+2951,185.363,83.778,1471.297,0.022,0.798,3.069,1.985,UNID-PSR
4FGL J1231.6-5116,299.761,11.498,1156.685,0.035,1.097,11.934,0.576,young
4FGL J1243.1-6754,302.152,-5.044,26.280,0.171,2.000,0.192,0.877,UNID-PSR
4FGL J1244.3-6233,302.133,0.327,204.294,0.042,0.978,5.067,1.901,UNID-PSR
4FGL J1257.0-6339,303.556,-0.780,347.685,0.031,0.775,8.342,1.764,UNID-PSR
4FGL J1259.0-8148,303.206,-18.929,219.449,0.045,0.351,0.463,0.697,MSP
4FGL J1301.6+0834,310.760,71.303,1190.027,0.030,0.606,2.843,1.295,MSP
4FGL J1302.4-3258,305.594,29.844,2033.947,0.020,0.846,9.802,2.593,MSP
4FGL J1302.5-6236,304.182,0.260,75.370,0.091,0.666,2.440,1.116,UNID-PSR
4FGL J1303.1-4714,304.949,15.585,80.037,0.062,2.000,0.160,2.550,UNID-PSR
4FGL J1304.4+1203,315.013,74.595,158.110,0.065,1.744,0.221,1.646,MSP
4FGL J1306.3-6043,304.752,2.093,3159.931,0.016,0.333,67.877,2.947,MSP
4FGL J1306.8-4035,306.090,22.186,592.177,0.033,0.354,2.413,0.414,MSP
4FGL J1308.7+0347,313.814,66.297,112.077,0.054,1.490,0.105,2.506,UNID-PSR
4FGL J1309.1-6223,304.968,0.445,445.704,0.055,1.135,36.894,0.866,UNID-PSR
4FGL J1311.7-3430,307.686,28.173,20417.035,0.011,0.222,205.217,0.645,MSP
4FGL J1312.3-6257,305.291,-0.242,150.916,0.061,0.285,4.569,0.616,UNID-PSR
4FGL J1312.6-6231,305.345,0.187,230.525,0.048,0.594,7.322,1.310,UNID-PSR
4FGL J1312.7+0050,314.838,63.219,3012.834,0.020,0.830,13.384,1.562,MSP
4FGL J1315.7-6220,305.759,0.464,127.570,0.118,0.825,9.878,0.384,UNID-PSR
4FGL J1315.9-6243,305.646,-0.002,72.414,0.094,0.944,2.040,1.567,UNID-PSR
4FGL J1317.5-0153,316.145,60.201,74.873,0.080,1.195,0.065,1.767,UNID-PSR
4FGL J1317.5-6316,305.842,-0.547,607.965,0.034,0.892,27.465,1.135,UNID-PSR
4FGL J1320.3-6410,306.127,-1.502,95.864,0.118,0.664,4.163,0.432,UNID-PSR
4FGL J1320.5-6256,306.295,-0.216,44.685,0.092,1.913,1.005,3.438,UNID-PSR
4FGL J1321.1-6239,306.528,0.141,108.029,0.118,0.836,9.221,0.526,UNID-PSR
4FGL J1325.3-5413,307.930,8.355,251.910,0.045,0.445,2.394,0.382,UNID-PSR
4FGL J1328.4-6231,307.141,0.218,29.528,0.238,1.118,2.083,0.460,UNID-PSR
4FGL J1329.9-6108,307.569,1.382,761.178,0.028,0.925,12.788,1.778,UNID-PSR
4FGL J1335.0-5656,308.897,5.432,515.512,0.025,0.612,3.042,2.357,MSP
4FGL J1338.4-5923,308.890,2.964,48.195,0.161,1.963,0.716,1.120,UNID-PSR
4FGL J1341.7-6216,308.745,0.003,82.317,0.049,1.269,1.731,5.298,young
4FGL J1344.2-6517,308.423,-2.984,54.901,0.086,0.762,0.218,1.580,UNID-PSR
4FGL J1345.9-2612,317.894,35.089,214.513,0.052,1.544,0.446,1.499,MSP
4FGL J1350.6-6224,309.733,-0.334,1192.420,0.021,0.990,73.791,2.457,young
4FGL J1351.6-6142,310.031,0.340,352.378,0.053,0.485,34.019,0.603,UNID-PSR
4FGL J1356.6+0234,338.139,60.863,144.656,0.063,1.096,0.183,1.378,MSP
4FGL J1357.3-6123,310.771,0.610,114.415,0.110,1.220,11.025,0.830,UNID-PSR
4FGL J1357.8-5724,311.816,4.313,50.781,0.115,1.415,0.290,1.365,UNID-PSR
4FGL J1358.3-6026,311.124,1.377,947.179,0.033,0.494,62.103,0.416,young
4FGL J1400.0-2415,322.359,35.996,448.324,0.031,1.051,0.863,2.186,UNID-PSR
4FGL J1400.4-6050,311.213,0.963,73.410,0.079,1.035,3.131,1.277,UNID-PSR
4FGL J1400.5-6147,311.003,-0.000,55.881,0.100,0.887,2.598,1.507,UNID-PSR
4FGL J1400.6-1432,326.989,45.077,683.238,0.032,0.795,1.998,1.444,MSP
4FGL J1401.2-6116,311.216,0.601,72.267,0.084,1.879,3.179,2.368,UNID-PSR
4FGL J1401.3-5012,314.233,11.186,71.755,0.078,0.622,0.226,0.801,UNID-PSR
4FGL J1401.9-6130,311.201,0.252,70.309,0.066,1.002,2.269,2.905,UNID-PSR
4FGL J1402.7+1306,356.455,68.207,145.839,0.061,1.423,0.187,1.533,MSP
4FGL J1403.5-6236,311.113,-0.881,215.960,0.042,1.471,8.742,2.452,UNID-PSR
4FGL J1404.8-5237,314.075,8.661,128.651,0.043,1.269,0.554,2.016,UNID-PSR
4FGL J1408.7-3747,319.400,22.584,183.019,0.060,0.776,0.525,0.667,UNID-PSR
4FGL J1412.1-6631,310.855,-4.890,316.324,0.050,0.890,1.884,1.505,UNID-PSR
4FGL J1413.5-6205,312.373,-0.731,18935.667,0.010,0.447,2821.449,1.388,young
4FGL J1415.3-6110,312.846,0.151,163.553,0.064,0.307,35.808,0.259,UNID-PSR
4FGL J1415.4-6458,311.662,-3.552,105.891,0.054,0.980,0.416,3.054,UNID-PSR
4FGL J1416.7-5023,316.555,10.216,237.989,0.038,0.985,0.943,1.628,UNID-PSR
4FGL J1417.6-4403,318.878,16.149,894.402,0.027,0.492,3.450,0.793,MSP
4FGL J1418.7-6110,313.259,-0.045,106.542,0.069,0.558,15.488,0.935,UNID-PSR
4FGL J1420.0-6048,313.494,0.216,3821.175,0.018,0.985,2430.551,0.387,young
4FGL J1420.7-6701,311.487,-5.597,52.657,0.126,0.878,0.228,1.044,UNID-PSR
4FGL J1420.9-2431,327.653,34.022,127.493,0.047,0.915,0.139,2.709,UNID-PSR
4FGL J1422.3-6059,313.685,-0.035,51.122,0.128,1.002,2.534,2.156,UNID-PSR
4FGL J1422.5-6137,313.527,-0.643,3889.036,0.013,0.938,308.500,3.586,young
4FGL J1424.2-6111,314.023,-0.291,26.489,0.247,1.365,1.542,1.598,UNID-PSR
4FGL J1424.8-6536,312.280,-4.523,84.772,0.144,0.949,1.184,0.492,UNID-PSR
4FGL J1424.8-8012,306.973,-18.060,58.900,0.099,2.000,0.091,2.334,UNID-PSR
4FGL J1428.0-6026,314.618,0.207,163.318,0.082,1.073,18.335,0.900,UNID-PSR
4FGL J1429.8-0739,340.886,47.884,88.288,0.075,1.270,0.113,1.626,UNID-PSR
4FGL J1429.9-5911,315.266,1.307,8918.684,0.014,0.438,889.983,0.527,young
4FGL J1433.8-6357,313.858,-3.303,54.078,0.114,2.000,0.404,1.916,UNID-PSR
4FGL J1445.1-5958,316.767,-0.067,121.628,0.115,0.731,16.829,0.589,UNID-PSR
4FGL J1445.9-5907,317.163,0.548,36.441,0.182,1.863,1.838,1.225,UNID-PSR
4FGL J1446.6-4701,322.503,11.437,662.840,0.028,0.795,2.741,1.556,MSP
4FGL J1449.8-5923,317.582,0.141,42.989,0.159,0.917,1.316,1.777,UNID-PSR
4FGL J1450.8-1424,341.517,39.358,122.535,0.060,1.071,0.237,1.387,UNID-PSR
4FGL J1455.9-3331,330.756,22.553,47.285,0.098,1.366,0.074,1.596,MSP
4FGL J1458.8-2120,338.592,32.584,294.394,0.038,0.827,0.622,1.645,UNID-PSR
4FGL J1500.1-5846,318.935,-0.161,45.550,0.116,0.827,1.504,1.471,UNID-PSR
4FGL J1502.2-5933,318.813,-0.773,52.853,0.078,1.961,1.547,2.554,UNID-PSR
4FGL J1505.1-5145,323.050,5.886,79.708,0.104,1.535,0.663,1.101,UNID-PSR
4FGL J1506.5-5708,320.476,1.054,42.655,0.069,1.324,0.498,2.785,UNID-PSR
4FGL J1507.4-6450,316.701,-5.630,42.758,0.101,0.704,0.219,0.896,UNID-PSR
4FGL J1507.7-5403,322.139,3.623,42.131,0.196,0.843,0.853,0.494,UNID-PSR
4FGL J1509.4-5850,319.973,-0.621,8651.260,0.013,0.564,964.186,1.304,young
4FGL J1510.1-5750,320.550,0.150,131.076,0.051,0.932,4.097,2.460,UNID-PSR
4FGL J1513.4-2549,338.842,26.974,624.140,0.030,0.743,2.293,1.168,MSP
4FGL J1514.3-4946,325.247,6.808,8288.173,0.011,0.541,130.977,2.477,MSP
4FGL J1516.4-2640,338.859,25.895,43.428,0.093,2.000,0.097,2.067,UNID-PSR
4FGL J1517.9-5233,324.262,4.140,716.872,0.032,1.243,7.001,1.855,UNID-PSR
4FGL J1521.9-5735,322.033,-0.408,4590.607,0.017,0.695,563.448,0.759,young
4FGL J1526.6-3810,333.646,15.274,153.903,0.051,1.344,0.435,1.819,UNID-PSR
4FGL J1527.8+1013,15.960,49.532,138.172,0.075,2.000,0.276,1.380,UNID-PSR
4FGL J1528.2-2448,342.483,25.771,63.513,0.091,1.126,0.115,2.162,UNID-PSR
4FGL J1528.4-5838,322.165,-1.754,1052.912,0.028,1.000,28.272,1.653,young
4FGL J1530.0-1522,349.881,32.672,126.708,0.064,1.099,0.372,1.027,UNID-PSR
4FGL J1531.5-5612,323.939,0.009,269.083,0.054,0.772,23.622,0.854,young
4FGL J1532.9-0313,1.422,40.649,37.682,0.083,1.888,0.084,1.929,UNID-PSR
4FGL J1534.0-5232,326.300,2.801,237.610,0.043,0.536,1.828,1.407,UNID-PSR
4FGL J1534.3-3312,338.027,18.363,82.728,0.050,1.430,0.161,3.492,UNID-PSR
4FGL J1534.7-5842,322.763,-2.285,119.424,0.062,1.947,1.157,2.799,UNID-PSR
4FGL J1536.4-4948,328.198,4.791,16056.980,0.012,0.357,388.524,1.977,MSP
4FGL J1537.3-6110,321.625,-4.477,54.996,0.151,1.664,0.365,1.543,UNID-PSR
4FGL J1538.0-4638,330.333,7.156,236.055,0.060,0.936,3.743,0.531,UNID-PSR
4FGL J1539.4-3323,338.786,17.536,1540.156,0.018,1.390,15.629,2.650,UNID-PSR
4FGL J1541.2-5201,327.508,2.586,79.029,0.108,0.992,0.975,1.586,UNID-PSR
4FGL J1543.4-5925,323.291,-3.434,64.693,0.120,1.423,0.465,1.747,UNID-PSR
4FGL J1543.6-0244,4.067,38.862,274.571,0.044,0.709,1.097,0.858,UNID-PSR
4FGL J1543.6-5148,327.918,2.496,521.402,0.045,0.697,15.654,0.800,MSP
4FGL J1544.0+4939,79.136,50.151,291.141,0.044,0.600,0.162,1.874,MSP
4FGL J1544.2-2554,344.768,22.602,383.384,0.036,0.887,1.812,1.204,UNID-PSR
4FGL J1545.2-4553,331.763,7.050,136.804,0.083,0.642,1.706,0.513,UNID-PSR
4FGL J1547.4-4802,330.713,5.132,264.592,0.049,0.444,6.834,0.352,UNID-PSR
4FGL J1547.6-6106,322.651,-5.177,37.434,0.113,0.744,0.209,0.722,UNID-PSR
4FGL J1548.1-4416,333.197,7.975,164.147,0.064,1.028,1.512,0.727,UNID-PSR
4FGL J1548.3-2411,346.707,23.251,67.861,0.078,0.897,0.207,1.122,UNID-PSR
4FGL J1551.3-4920,330.463,3.655,71.032,0.118,0.706,1.132,0.738,UNID-PSR
4FGL J1551.7-4257,334.527,8.590,61.273,0.077,0.584,0.392,0.589,UNID-PSR
4FGL J1553.1+5438,85.584,47.168,434.121,0.038,0.556,0.236,1.628,MSP
4FGL J1555.7-2908,344.477,18.482,183.391,0.049,0.419,0.475,0.566,MSP
4FGL J1556.8-5242,328.875,0.545,47.543,0.070,1.049,1.878,3.112,UNID-PSR
4FGL J1557.5-5306,328.758,0.161,33.754,0.105,0.868,1.510,2.660,UNID-PSR
4FGL J1559.7-4518,334.107,5.867,33.493,0.068,0.763,0.152,1.619,UNID-PSR
4FGL J1600.9-3054,344.080,16.446,1117.220,0.021,0.781,5.098,2.698,MSP
4FGL J1602.2+2305,38.551,46.876,314.119,0.036,1.450,0.494,2.480,UNID-PSR
4FGL J1603.3-6010,324.720,-5.707,422.650,0.026,0.688,1.385,2.565,UNID-PSR
4FGL J1604.4-4927,331.957,2.175,112.531,0.075,1.489,3.845,1.476,UNID-PSR
4FGL J1611.6-6013,325.457,-6.371,91.846,0.054,1.359,0.278,1.735,UNID-PSR
4FGL J1611.9-5125,331.512,-0.011,176.752,0.067,0.387,74.198,0.304,UNID-PSR
4FGL J1612.1+1407,27.861,41.627,420.442,0.038,0.991,0.719,1.779,UNID-PSR
4FGL J1613.0-5102,331.932,0.123,377.727,0.045,0.733,80.072,0.950,UNID-PSR
4FGL J1614.5-2230,352.636,20.202,5407.187,0.014,0.848,72.405,2.175,MSP
4FGL J1615.3-5136,331.763,-0.533,1681.386,0.019,1.015,210.235,2.697,young
4FGL J1615.3-1512,358.701,24.887,49.672,0.066,0.845,0.087,2.472,UNID-PSR
4FGL J1615.5-5434,329.691,-2.679,45.400,0.091,0.858,0.245,2.224,UNID-PSR
4FGL J1616.0-4501,336.430,4.133,40.894,0.163,1.542,0.706,1.190,UNID-PSR
4FGL J1616.6-5341,330.485,-2.165,690.644,0.036,1.658,18.632,1.577,UNID-PSR
4FGL J1616.6-5009,332.965,0.388,83.972,0.142,1.030,18.368,0.794,UNID-PSR
4FGL J1617.4-5812,327.410,-5.507,65.925,0.077,0.453,0.296,0.609,UNID-PSR
4FGL J1617.8-4418,337.003,4.432,48.590,0.353,1.216,1.736,0.620,UNID-PSR
4FGL J1618.3-4537,336.419,3.422,67.177,0.163,1.231,2.141,0.764,UNID-PSR
4FGL J1618.7-4633,335.714,2.768,32.988,0.096,0.968,0.283,2.277,MSP
4FGL J1619.3-5047,332.870,-0.158,131.981,0.103,1.550,31.424,1.218,UNID-PSR
4FGL J1620.5-5729,328.210,-5.249,55.149,0.064,1.249,0.188,1.933,UNID-PSR
4FGL J1620.7-4927,333.887,0.405,9199.355,0.011,0.734,1755.874,2.693,young
4FGL J1621.0-2625,350.520,16.460,94.243,0.105,0.707,1.186,0.530,UNID-PSR
4FGL J1621.4-4511,336.982,3.328,54.248,0.113,1.752,0.674,1.943,UNID-PSR
4FGL J1622.2-7202,317.658,-15.530,249.140,0.041,0.611,0.303,1.627,UNID-PSR
4FGL J1622.2-1930,356.283,20.860,56.621,0.100,1.023,0.365,1.048,UNID-PSR
4FGL J1622.5-4726,335.528,1.603,34.391,0.092,0.849,0.496,2.273,UNID-PSR
4FGL J1622.7-4934,334.042,0.102,157.318,0.063,0.742,26.466,1.153,UNID-PSR
4FGL J1622.8-4454,337.359,3.358,54.600,0.084,0.551,0.482,1.173,UNID-PSR
4FGL J1623.0-5004,333.712,-0.296,1901.105,0.016,0.690,235.389,3.367,young
4FGL J1623.0-4624,336.274,2.223,71.555,0.116,0.393,2.278,0.452,UNID-PSR
4FGL J1623.9-6936,319.629,-13.978,293.682,0.034,0.336,0.398,2.202,MSP
4FGL J1624.1-4042,340.544,6.145,2067.430,0.018,0.659,46.811,1.223,young
4FGL J1624.1-4941,334.109,-0.155,50.731,0.112,0.669,4.244,1.623,UNID-PSR
4FGL J1624.1-4417,337.980,3.642,113.118,0.063,0.654,1.422,1.006,UNID-PSR
4FGL J1624.3-3952,341.186,6.715,257.487,0.032,0.667,2.122,1.508,MSP
4FGL J1624.9-4538,337.241,2.575,102.606,0.112,0.738,3.137,0.736,UNID-PSR
4FGL J1625.1-0020,13.889,31.834,4793.326,0.016,0.799,38.581,2.028,MSP
4FGL J1626.5-4858,334.900,0.062,32.892,0.072,0.710,1.280,2.063,UNID-PSR
4FGL J1626.6-4251,339.399,4.313,77.433,0.125,0.966,1.150,1.055,UNID-PSR
4FGL J1627.7-5749,328.645,-6.210,95.064,0.064,0.628,0.443,0.823,UNID-PSR
4FGL J1627.7+3219,52.982,43.218,813.834,0.030,0.851,1.064,1.915,MSP
4FGL J1628.0-4920,334.859,-0.377,32.764,0.091,1.259,2.002,2.215,UNID-PSR
4FGL J1628.1-3204,347.432,11.489,770.327,0.032,0.706,7.637,0.946,MSP
4FGL J1629.3-4822,335.603,0.077,83.211,0.127,0.910,19.886,0.663,UNID-PSR
4FGL J1630.1-1049,4.942,24.826,232.920,0.043,1.218,1.215,1.459,UNID-PSR
4FGL J1630.6+3734,60.259,43.190,1244.768,0.027,0.935,2.984,1.664,MSP
4FGL J1631.7-4826,335.867,-0.156,28.220,0.083,0.577,0.667,5.201,UNID-PSR
4FGL J1633.1-3924,342.687,5.777,44.620,0.114,1.046,0.522,0.946,UNID-PSR
4FGL J1634.0-4742,336.630,-0.008,225.683,0.062,1.224,40.258,1.881,UNID-PSR
4FGL J1634.1-4011,342.019,5.036,26.637,0.120,1.141,0.264,1.357,UNID-PSR
4FGL J1634.7+0235,18.267,31.374,100.093,0.067,2.000,0.189,1.848,MSP
4FGL J1635.0-3039,349.612,11.333,26.855,0.153,2.000,0.105,1.674,UNID-PSR
4FGL J1635.3-4159,340.936,3.746,29.955,0.155,0.962,0.498,0.878,UNID-PSR
4FGL J1635.4-3249,347.917,9.851,86.077,0.062,0.780,0.349,1.290,UNID-PSR
4FGL J1635.4-3453,346.360,8.456,44.511,0.107,0.895,0.283,0.906,UNID-PSR
4FGL J1636.9-4710,337.464,0.120,459.514,0.050,0.786,170.689,0.707,UNID-PSR
4FGL J1638.1-4641,337.917,0.246,76.049,0.089,1.493,9.339,1.927,UNID-PSR
4FGL J1638.4-4715,337.518,-0.208,131.304,0.066,0.983,17.755,1.734,UNID-PSR
4FGL J1639.0-2727,352.611,12.818,55.450,0.079,1.128,0.192,2.258,UNID-PSR
4FGL J1639.3-5146,334.250,-3.331,2324.288,0.018,0.612,38.307,1.858,UNID-PSR
4FGL J1640.1+2222,41.048,38.274,197.013,0.050,0.794,0.193,2.490,MSP
4FGL J1640.3-4917,336.224,-1.811,141.917,0.061,0.610,4.071,1.001,UNID-PSR
4FGL J1641.2+8049,113.845,31.770,253.227,0.042,0.868,0.159,1.432,MSP
4FGL J1641.2-5317,333.306,-4.559,819.163,0.038,0.603,10.922,0.864,young
4FGL J1641.3-2908,351.604,11.313,188.643,0.074,0.697,3.707,0.332,UNID-PSR
4FGL J1641.4-4803,337.257,-1.073,60.941,0.180,0.927,12.873,0.336,UNID-PSR
4FGL J1643.3-3148,349.820,9.228,108.979,0.045,0.841,0.332,2.149,UNID-PSR
4FGL J1644.1-5009,335.958,-2.805,85.267,0.138,0.439,3.485,0.372,UNID-PSR
4FGL J1645.1-4123,342.707,2.745,92.841,0.076,0.584,1.351,1.014,UNID-PSR
4FGL J1646.5-4406,340.820,0.821,57.787,0.052,0.366,2.329,0.766,UNID-PSR
4FGL J1646.7-2154,358.148,14.916,82.913,0.082,1.214,0.815,0.928,UNID-PSR
4FGL J1648.4-4611,339.439,-0.805,1459.466,0.019,1.004,169.267,2.759,young
4FGL J1649.1-1359,5.155,19.191,68.529,0.178,1.320,2.334,0.346,UNID-PSR
4FGL J1649.3-4441,340.674,0.027,167.884,0.045,1.159,16.288,2.265,UNID-PSR
4FGL J1649.8-3010,351.985,9.200,552.556,0.031,0.509,3.604,1.245,MSP
4FGL J1650.3-4600,339.787,-0.965,1576.043,0.022,0.715,236.710,1.141,young
4FGL J1651.1-5848,329.953,-9.196,62.176,0.108,0.968,0.306,0.684,UNID-PSR
4FGL J1651.4-4442,340.912,-0.265,56.551,0.065,0.915,3.931,2.012,UNID-PSR
4FGL J1651.7-4359,341.511,0.165,308.563,0.047,1.084,50.995,1.264,UNID-PSR
4FGL J1652.2-4516,340.613,-0.702,171.164,0.077,0.695,37.612,0.586,UNID-PSR
4FGL J1653.2-4349,341.827,0.039,583.563,0.038,0.616,208.846,0.507,UNID-PSR
4FGL J1653.6-0158,16.619,24.945,5224.781,0.016,0.413,61.926,0.730,MSP
4FGL J1654.2-3136,351.463,7.578,46.933,0.118,0.816,0.322,0.831,UNID-PSR
4FGL J1654.7-3639,347.556,4.342,40.402,0.136,0.999,0.460,0.991,UNID-PSR
4FGL J1655.7-2411,357.531,11.835,41.809,0.143,0.521,0.391,0.376,UNID-PSR
4FGL J1655.9-3940,345.341,2.281,122.660,0.053,0.848,2.039,1.692,UNID-PSR
4FGL J1655.9-3101,352.125,7.658,48.386,0.068,0.508,0.162,1.226,UNID-PSR
4FGL J1656.1-4706,339.614,-2.384,35.442,0.101,0.671,0.366,2.991,UNID-PSR
4FGL J1656.4-0410,14.960,23.174,146.167,0.052,1.091,0.554,1.600,UNID-PSR
4FGL J1656.5-2733,354.979,9.684,220.634,0.050,1.338,1.520,1.284,UNID-PSR
4FGL J1657.4-3917,345.860,2.306,95.866,0.081,0.884,1.825,1.492,UNID-PSR
4FGL J1657.7-4656,339.858,-2.597,84.976,0.067,0.410,0.870,2.223,UNID-PSR
4FGL J1657.7-4520,341.089,-1.484,61.142,0.402,0.464,1.447,1.164,UNID-PSR
4FGL J1658.3-4637,340.133,-2.404,48.914,0.067,0.641,0.396,4.305,UNID-PSR
4FGL J1658.6-5323,334.866,-6.612,1790.860,0.023,0.776,30.748,0.665,MSP
4FGL J1659.0-0140,17.673,23.926,337.365,0.033,0.688,1.230,1.841,UNID-PSR
4FGL J1659.2-1443,5.996,16.767,64.341,0.063,2.000,0.314,2.930,UNID-PSR
4FGL J1700.0-0122,18.165,23.837,58.305,0.113,1.334,0.340,0.975,UNID-PSR
4FGL J1700.3-4557,340.996,-2.230,73.175,0.119,0.585,2.525,0.760,UNID-PSR
4FGL J1700.8-5218,335.955,-6.283,43.059,0.079,1.944,0.198,2.141,UNID-PSR
4FGL J1701.3-4924,338.294,-4.525,123.702,0.084,0.638,1.388,0.917,UNID-PSR
4FGL J1701.8-2226,359.890,11.776,62.453,0.105,0.437,0.481,0.473,UNID-PSR
4FGL J1701.9-4625,340.666,-2.954,39.854,0.219,1.012,1.001,1.179,UNID-PSR
4FGL J1702.0-3721,347.904,2.779,59.617,0.111,0.608,0.631,1.218,UNID-PSR
4FGL J1702.3-2525,357.506,9.975,151.487,0.049,0.283,0.595,0.726,UNID-PSR
4FGL J1702.9-4131,344.749,0.120,224.025,0.051,1.051,28.699,1.264,young
4FGL J1703.6-2850,354.928,7.678,400.514,0.039,0.769,3.735,0.874,UNID-PSR
4FGL J1704.0-4226,344.099,-0.630,73.487,0.075,1.987,4.729,2.328,UNID-PSR
4FGL J1704.8-4030,345.741,0.413,403.958,0.033,0.575,37.986,1.193,UNID-PSR
4FGL J1704.9-4303,343.713,-1.122,47.758,0.070,1.842,1.525,2.635,UNID-PSR
4FGL J1705.2-3850,347.122,1.391,124.187,0.079,1.173,3.953,1.814,UNID-PSR
4FGL J1705.4-4850,339.207,-4.666,91.162,0.131,0.898,1.446,0.790,UNID-PSR
4FGL J1705.6-1909,3.155,13.006,210.914,0.067,1.334,2.171,0.722,young
4FGL J1706.2-4950,338.420,-5.403,101.545,0.094,0.960,1.220,0.857,UNID-PSR
4FGL J1706.2-4113,345.135,-0.235,64.090,0.131,0.469,5.119,0.842,UNID-PSR
4FGL J1706.5-4023,346.013,0.185,106.487,0.093,0.492,14.643,0.645,UNID-PSR
4FGL J1708.8-0923,11.981,17.829,51.627,0.102,0.736,0.303,0.910,UNID-PSR
4FGL J1709.4-4339,343.719,-2.271,49.419,0.174,0.773,1.699,1.387,UNID-PSR
4FGL J1709.4-0328,17.432,20.724,192.751,0.050,0.433,0.995,0.765,UNID-PSR
4FGL J1709.7-4429,343.099,-2.684,478465.572,0.008,0.446,254029.985,1.290,young
4FGL J1709.9-0900,12.530,17.764,86.178,0.089,1.195,0.744,0.990,UNID-PSR
4FGL J1710.3-3039,354.324,5.463,81.666,0.058,1.119,0.638,1.977,UNID-PSR
4FGL J1711.0-3002,354.919,5.634,238.863,0.051,1.421,3.688,1.351,UNID-PSR
4FGL J1711.4-2526,358.765,8.280,95.365,0.082,0.905,1.099,0.817,UNID-PSR
4FGL J1711.9-1922,3.860,11.656,236.543,0.035,0.630,0.854,1.588,UNID-PSR
4FGL J1713.8+0747,28.756,25.219,868.069,0.026,0.610,3.401,1.742,MSP
4FGL J1714.8-3849,348.261,-0.134,419.743,0.041,0.406,84.028,0.472,UNID-PSR
4FGL J1714.9-3324,352.684,3.019,156.991,0.062,1.358,2.449,2.440,UNID-PSR
4FGL J1716.1-4342,344.451,-3.181,76.250,0.104,0.865,1.537,1.105,UNID-PSR
4FGL J1716.3+3434,58.085,33.601,48.398,0.116,1.999,0.043,1.266,MSP
4FGL J1717.0-3218,353.804,3.133,46.067,0.101,0.538,0.400,1.396,UNID-PSR
4FGL J1717.5-5804,332.601,-11.510,261.601,0.039,1.977,1.095,2.485,UNID-PSR
4FGL J1717.5-4022,347.281,-1.481,43.701,0.087,2.000,0.801,3.280,UNID-PSR
4FGL J1717.6-4404,344.243,-3.628,110.119,0.086,0.904,2.169,1.159,UNID-PSR
4FGL J1717.8-3906,348.352,-0.766,66.669,0.088,0.645,2.935,1.077,UNID-PSR
4FGL J1718.2-3825,348.938,-0.426,3311.030,0.019,0.704,732.674,0.542,young
4FGL J1718.5-4122,346.568,-2.186,43.036,0.106,0.351,0.564,0.808,UNID-PSR
4FGL J1719.0-4221,345.807,-2.790,94.032,0.099,1.060,1.608,1.306,UNID-PSR
4FGL J1719.3-3424,352.366,1.674,45.514,0.112,1.905,1.251,2.498,UNID-PSR
4FGL J1719.4-2916,356.557,4.564,94.235,0.140,0.899,1.589,0.921,UNID-PSR
4FGL J1719.4-4242,345.574,-3.120,75.026,0.108,0.369,0.958,0.742,UNID-PSR
4FGL J1719.6-4320,345.075,-3.480,79.835,0.133,0.697,1.592,0.658,UNID-PSR
4FGL J1720.1-4358,344.553,-3.906,81.549,0.079,0.329,1.014,0.640,UNID-PSR
4FGL J1720.6-2442,0.539,6.979,72.106,0.053,0.632,0.360,2.053,UNID-PSR
4FGL J1720.6+0708,28.975,23.418,399.234,0.039,0.715,1.617,0.915,UNID-PSR
4FGL J1721.3-5257,337.258,-9.137,138.138,0.073,1.431,0.911,1.046,UNID-PSR
4FGL J1721.7-3917,348.633,-1.499,120.020,0.058,0.669,3.558,1.181,UNID-PSR
4FGL J1722.1-4007,348.066,-2.112,63.509,0.161,1.584,1.051,2.062,UNID-PSR
4FGL J1722.1-3205,354.590,2.567,117.404,0.055,0.747,1.670,1.854,UNID-PSR
4FGL J1722.6-3135,355.128,2.697,95.543,0.103,1.886,2.435,1.975,UNID-PSR
4FGL J1722.7-3258,353.944,1.928,52.812,0.203,1.172,2.467,0.924,UNID-PSR
4FGL J1723.1-2859,357.192,4.092,80.143,0.166,0.447,3.108,0.310,UNID-PSR
4FGL J1723.5-3342,353.457,1.373,118.121,0.076,0.547,11.718,0.484,UNID-PSR
4FGL J1724.5-3008,356.518,3.365,63.768,0.150,1.954,1.520,1.343,UNID-PSR
4FGL J1724.7-3737,350.308,-1.043,54.864,0.088,0.670,2.440,0.974,UNID-PSR
4FGL J1725.1-1924,5.571,9.036,150.759,0.047,0.237,1.708,0.282,UNID-PSR
4FGL J1726.2-2903,357.511,3.520,80.120,0.102,0.667,1.242,0.867,UNID-PSR
4FGL J1726.2-3207,355.087,1.800,48.428,0.089,1.286,0.987,2.501,UNID-PSR
4FGL J1726.7-3930,349.111,-2.239,64.688,0.191,1.428,0.835,1.423,UNID-PSR
4FGL J1726.8-2659,359.401,4.552,77.954,0.068,0.427,0.736,1.276,UNID-PSR
4FGL J1727.4+0326,26.238,20.236,156.454,0.050,0.666,0.455,0.984,UNID-PSR
4FGL J1727.6-2304,2.811,6.556,160.402,0.039,0.603,1.161,1.970,UNID-PSR
4FGL J1727.6-0849,15.050,14.160,40.078,0.113,0.422,0.313,0.551,UNID-PSR
4FGL J1727.7-4041,348.157,-3.091,143.667,0.130,0.791,3.128,0.733,UNID-PSR
4FGL J1728.0-3550,352.138,-0.575,51.977,0.136,1.276,4.377,1.455,UNID-PSR
4FGL J1728.1-1610,8.751,10.191,111.401,0.062,0.943,0.759,1.170,MSP
4FGL J1729.1-3503,352.973,-0.347,25.340,0.071,0.996,2.622,1.883,UNID-PSR
4FGL J1729.2-2509,1.339,5.082,47.488,0.135,1.398,1.069,1.043,UNID-PSR
4FGL J1729.4-2831,358.583,3.190,166.166,0.099,1.210,5.341,1.031,UNID-PSR
4FGL J1729.4-2646,359.867,4.203,102.296,0.084,1.465,1.906,1.946,UNID-PSR
4FGL J1729.9-2952,357.392,2.368,49.345,0.094,1.935,0.779,3.727,UNID-PSR
4FGL J1730.1-4343,345.794,-5.343,88.381,0.083,0.991,0.647,1.187,UNID-PSR
4FGL J1730.3-2913,357.994,2.706,61.714,0.114,1.184,1.015,1.850,UNID-PSR
4FGL J1730.4-0359,19.746,15.985,565.976,0.028,0.921,4.496,1.387,UNID-PSR
4FGL J1730.5-3543,352.560,-0.949,82.109,0.113,1.028,6.868,1.042,UNID-PSR
4FGL J1730.8-3806,350.610,-2.427,108.372,0.094,1.100,1.717,1.806,UNID-PSR
4FGL J1731.9-2800,359.178,3.033,90.441,0.110,1.757,1.792,2.232,UNID-PSR
4FGL J1732.0-2659,0.101,3.516,77.803,0.081,0.529,0.861,1.830,UNID-PSR
4FGL J1732.5-3131,356.312,1.008,20202.492,0.010,0.910,5944.106,1.936,young
4FGL J1733.2-2915,358.300,2.159,63.037,0.111,1.097,1.175,2.329,UNID-PSR
4FGL J1733.4+2235,45.889,26.732,83.679,0.060,2.000,0.105,2.110,UNID-PSR
4FGL J1733.6-2431,2.313,4.676,67.457,0.099,1.425,1.171,1.596,UNID-PSR
4FGL J1733.9-2220,4.251,5.661,41.306,0.105,0.476,0.741,0.407,UNID-PSR
4FGL J1734.0-2933,358.152,1.824,65.534,0.072,0.571,1.026,1.972,UNID-PSR
4FGL J1734.5-2818,359.241,2.339,133.034,0.072,0.430,6.313,0.467,UNID-PSR
4FGL J1735.1-3708,351.886,-2.494,52.214,0.093,1.250,0.654,1.871,UNID-PSR
4FGL J1735.2-2153,4.764,5.713,74.219,0.073,0.522,1.797,0.373,UNID-PSR
4FGL J1735.4-2944,358.114,1.401,66.403,0.095,0.733,1.353,2.157,UNID-PSR
4FGL J1736.1-3422,354.307,-1.173,340.018,0.038,0.741,12.143,1.504,young
4FGL J1736.3-2929,358.492,1.433,176.729,0.082,0.485,35.603,0.278,UNID-PSR
4FGL J1736.6-1954,6.588,6.468,52.673,0.087,0.620,0.485,0.725,UNID-PSR
4FGL J1737.1-2901,359.013,1.524,90.253,0.090,0.437,6.030,0.466,UNID-PSR
4FGL J1737.2-2808,359.692,2.045,67.659,0.147,0.518,1.062,1.662,UNID-PSR
4FGL J1737.3-3332,355.157,-0.909,147.345,0.073,0.780,16.254,0.629,UNID-PSR
4FGL J1737.6-2350,3.317,4.242,77.188,0.107,0.668,1.228,0.877,UNID-PSR
4FGL J1738.2-2510,2.313,3.350,82.826,0.078,1.901,1.603,2.881,UNID-PSR
4FGL J1738.6-3627,352.837,-2.740,48.414,0.140,1.402,0.704,1.692,UNID-PSR
4FGL J1738.8-3241,356.007,-0.729,101.135,0.090,1.497,9.546,1.176,UNID-PSR
4FGL J1739.1-1059,14.653,10.586,89.199,0.073,1.331,1.207,0.884,UNID-PSR
4FGL J1739.1-3446,354.321,-1.909,58.283,0.133,0.999,1.309,1.264,UNID-PSR
4FGL J1739.2-2717,0.641,2.091,44.883,0.075,0.950,0.546,2.834,UNID-PSR
4FGL J1739.2-2732,0.467,1.906,125.556,0.069,0.329,4.429,0.543,UNID-PSR
4FGL J1739.3-2531,2.149,2.996,234.039,0.046,0.512,7.229,0.741,UNID-PSR
4FGL J1739.4-3015,358.141,0.417,248.755,0.069,1.300,53.291,0.895,young
4FGL J1739.5-2929,358.716,0.929,81.462,0.141,0.942,5.429,1.243,UNID-PSR
4FGL J1739.7-2836,359.583,1.301,98.100,0.080,1.141,3.416,2.303,UNID-PSR
4FGL J1740.1-1928,7.359,5.980,92.048,0.064,0.314,0.871,0.671,UNID-PSR
4FGL J1740.4-2850,359.468,0.985,139.310,0.050,0.547,10.819,0.867,UNID-PSR
4FGL J1740.5-2554,1.942,2.490,132.404,0.108,0.951,5.167,0.902,UNID-PSR
4FGL J1740.6-3430,354.802,-2.009,151.677,0.085,0.445,4.180,0.656,UNID-PSR
4FGL J1740.7-2640,1.367,2.147,180.240,0.064,0.833,5.183,1.312,UNID-PSR
4FGL J1741.1-1617,10.273,7.472,68.973,0.070,0.622,0.349,1.283,UNID-PSR
4FGL J1741.1-3328,355.646,-1.625,70.310,0.066,1.336,1.506,2.520,UNID-PSR
4FGL J1741.3-3357,355.278,-1.889,36.698,0.099,0.703,0.591,1.245,UNID-PSR
4FGL J1741.4+1354,37.916,21.650,346.688,0.036,0.974,0.844,2.018,MSP
4FGL J1741.5-2344,3.844,3.644,42.126,0.159,2.001,0.977,1.127,UNID-PSR
4FGL J1741.6-2730,0.736,1.526,124.494,0.077,0.572,11.008,0.497,UNID-PSR
4FGL J1741.9-2054,6.420,4.915,18203.351,0.014,1.284,2131.188,0.846,young
4FGL J1742.3-3318,355.894,-1.699,439.077,0.040,0.639,23.015,0.687,young
4FGL J1742.5-2833,359.972,0.733,194.562,0.071,1.859,25.802,1.678,UNID-PSR
4FGL J1742.8-2246,4.998,3.706,190.700,0.070,0.701,3.480,0.987,UNID-PSR
4FGL J1743.1-3049,358.059,-0.524,50.556,0.082,0.597,2.410,1.879,UNID-PSR
4FGL J1743.4-3123,357.654,-0.874,51.991,0.068,0.790,1.635,2.381,UNID-PSR
4FGL J1743.4-3406,355.401,-2.264,45.831,0.116,1.120,1.034,1.233,UNID-PSR
4FGL J1743.4-2406,3.836,2.926,107.774,0.109,0.699,2.231,0.894,UNID-PSR
4FGL J1743.7-4321,347.434,-7.244,309.758,0.049,0.636,4.193,0.496,UNID-PSR
4FGL J1743.9-3539,353.886,-3.279,67.887,0.088,0.891,0.590,1.827,UNID-PSR
4FGL J1744.0-7618,317.103,-22.453,4895.451,0.015,0.836,37.281,1.615,MSP
4FGL J1744.0-2504,3.081,2.344,66.858,0.071,0.479,1.203,0.859,UNID-PSR
4FGL J1744.0-1311,13.346,8.460,279.058,0.037,0.638,1.895,1.547,UNID-PSR
4FGL J1744.4-1135,14.789,9.182,4117.333,0.018,0.915,146.696,0.899,MSP
4FGL J1744.7-1557,11.046,6.894,213.167,0.044,0.479,1.770,0.930,UNID-PSR
4FGL J1744.9-3322,356.111,-2.221,76.718,0.084,1.052,1.286,2.126,UNID-PSR
4FGL J1744.9-2153,5.920,3.797,92.978,0.092,0.336,1.056,0.745,UNID-PSR
4FGL J1745.5-2249,5.210,3.253,57.506,0.082,0.418,0.883,0.599,UNID-PSR
4FGL J1745.5+1017,34.866,19.247,704.098,0.027,0.925,3.024,1.931,MSP
4FGL J1745.6-3626,353.626,-3.883,144.332,0.064,0.483,1.106,1.536,UNID-PSR
4FGL J1745.6-3145,357.560,-1.479,108.766,0.072,0.816,5.016,1.191,UNID-PSR
4FGL J1746.0-2349,4.427,2.572,70.529,0.129,0.362,2.818,0.301,UNID-PSR
4FGL J1746.1-2541,2.870,1.526,79.499,0.078,0.694,2.489,1.098,UNID-PSR
4FGL J1746.4-3541,354.283,-3.723,162.942,0.109,1.078,6.161,0.591,UNID-PSR
4FGL J1746.5-2019,7.469,4.326,135.333,0.101,0.467,2.923,0.573,UNID-PSR
4FGL J1746.8-3239,356.956,-2.155,2373.069,0.021,0.980,181.518,1.313,young
4FGL J1747.0-3505,354.876,-3.429,377.168,0.052,0.513,11.806,0.482,UNID-PSR
4FGL J1747.2-2957,359.304,-0.842,4571.663,0.016,0.556,2006.837,0.503,young
4FGL J1747.6+0324,28.633,15.755,237.361,0.040,0.546,0.818,1.659,UNID-PSR
4FGL J1747.7-4037,350.219,-6.433,417.432,0.036,0.538,4.020,0.635,MSP
4FGL J1747.8-3006,359.290,-1.012,53.603,0.089,1.060,3.397,2.926,UNID-PSR
4FGL J1747.9-3224,357.270,-2.228,85.954,0.085,0.519,4.070,0.718,UNID-PSR
4FGL J1748.3-2906,0.177,-0.596,141.677,0.042,1.330,15.039,2.511,UNID-PSR
4FGL J1748.8-3915,351.483,-5.867,199.568,0.042,1.485,2.062,1.739,UNID-PSR
4FGL J1749.0-2119,6.981,3.290,53.486,0.248,0.862,1.504,0.674,UNID-PSR
4FGL J1749.6-3143,358.074,-2.195,89.669,0.072,0.800,2.151,1.673,UNID-PSR
4FGL J1750.0-3347,356.290,-3.566,47.593,0.140,1.507,0.565,1.654,UNID-PSR
4FGL J1750.4-1721,10.475,5.038,48.446,0.089,0.869,0.366,1.514,UNID-PSR
4FGL J1750.6-1906,9.031,4.090,87.878,0.080,0.783,0.918,1.317,UNID-PSR
4FGL J1750.8-1246,14.534,7.115,36.696,0.122,0.634,0.354,0.710,UNID-PSR
4FGL J1750.9-3301,356.993,-3.023,43.731,0.128,0.980,0.435,2.074,UNID-PSR
4FGL J1752.3-3139,358.559,-2.651,114.956,0.104,0.465,4.716,0.456,UNID-PSR
4FGL J1752.7-3810,352.796,-5.988,97.945,0.093,0.860,0.615,1.268,UNID-PSR
4FGL J1752.7-3040,359.331,-2.291,93.214,0.099,0.814,2.330,1.070,UNID-PSR
4FGL J1752.8-4449,346.991,-9.309,220.852,0.036,0.661,0.878,1.475,UNID-PSR
4FGL J1753.8-2538,3.769,0.118,1579.408,0.018,0.599,168.528,1.825,UNID-PSR
4FGL J1754.3-4443,347.208,-9.495,159.443,0.053,1.002,1.022,1.031,UNID-PSR
4FGL J1754.3-2915,0.723,-1.841,50.716,0.089,1.421,1.031,2.046,UNID-PSR
4FGL J1754.3-3236,357.875,-3.318,66.509,0.107,0.956,1.102,1.036,UNID-PSR
4FGL J1754.6-2933,0.470,-1.985,241.268,0.054,1.191,9.900,1.211,UNID-PSR
4FGL J1754.8-3200,358.380,-3.224,87.327,0.084,1.062,0.979,2.074,UNID-PSR
4FGL J1755.3-3937,351.857,-7.184,61.705,0.098,0.999,0.326,1.223,UNID-PSR
4FGL J1755.7-3259,357.616,-3.930,40.304,0.097,0.648,0.223,2.370,UNID-PSR
4FGL J1755.9-4009,351.312,-7.537,56.802,0.075,0.634,0.198,1.126,UNID-PSR
4FGL J1757.1-3554,355.233,-5.638,114.769,0.067,1.623,1.026,1.567,UNID-PSR
4FGL J1757.1-2848,1.412,-2.231,75.419,0.090,0.714,0.985,1.432,UNID-PSR
4FGL J1757.4-3125,359.169,-3.465,149.792,0.062,0.609,1.813,1.303,UNID-PSR
4FGL J1757.7-6032,332.989,-17.185,553.734,0.026,0.333,1.066,4.002,MSP
4FGL J1758.0-2953,0.573,-2.824,78.729,0.087,1.558,1.243,1.887,UNID-PSR
4FGL J1758.5-3219,358.421,-4.036,55.884,0.177,0.897,0.803,1.084,UNID-PSR
4FGL J1758.7-4109,350.784,-8.488,407.058,0.029,0.330,1.607,0.903,UNID-PSR
4FGL J1758.8-1654,11.900,3.502,60.685,0.107,1.176,0.780,1.555,UNID-PSR
4FGL J1759.2-0243,24.491,10.267,76.600,0.144,1.316,4.798,0.332,UNID-PSR
4FGL J1759.4-3103,359.701,-3.659,105.630,0.089,0.516,2.506,0.543,UNID-PSR
4FGL J1759.8-1250,15.645,5.320,70.515,0.075,1.946,0.856,2.117,UNID-PSR
4FGL J1800.1-0323,23.948,9.768,28.488,0.083,0.759,0.143,1.603,UNID-PSR
4FGL J1800.2-2952,0.793,-3.181,85.901,0.105,0.623,2.104,0.601,UNID-PSR
4FGL J1800.9-2407,5.867,-0.519,178.959,0.040,0.154,17.229,0.414,UNID-PSR
4FGL J1801.0-3402,357.232,-5.441,77.759,0.083,0.530,0.657,0.717,UNID-PSR
4FGL J1801.0-2802,2.541,-2.504,89.657,0.083,0.996,1.277,1.441,UNID-PSR
4FGL J1801.1-2626,3.885,-1.711,127.877,0.044,1.957,2.654,3.528,UNID-PSR
4FGL J1801.2-2450,5.286,-0.943,249.693,0.047,0.556,13.520,1.495,young
4FGL J1801.4-4307,349.246,-9.850,49.962,0.107,0.694,0.174,0.794,UNID-PSR
4FGL J1801.6-1418,14.482,4.150,89.410,0.159,0.689,6.305,0.334,MSP
4FGL J1801.6-2326,6.566,-0.299,371.035,0.029,0.738,67.358,2.815,UNID-PSR
4FGL J1802.1-2652,3.662,-2.122,104.051,0.087,1.134,4.225,0.909,UNID-PSR
4FGL J1802.4-3041,0.318,-4.033,388.853,0.037,0.868,3.829,3.078,UNID-PSR
4FGL J1803.1-2724,3.289,-2.459,170.361,0.071,0.405,7.174,0.384,UNID-PSR
4FGL J1803.1-2148,8.147,0.201,2879.461,0.016,0.572,462.939,1.806,young
4FGL J1803.1-6708,326.854,-20.347,538.987,0.028,0.530,0.775,2.179,MSP
4FGL J1803.2+1402,40.310,16.904,88.662,0.069,1.021,0.199,1.420,MSP
4FGL J1803.7-3207,359.201,-4.947,140.729,0.086,0.663,2.062,0.716,UNID-PSR
4FGL J1803.8-2908,1.944,-3.542,135.690,0.106,1.843,4.722,0.798,UNID-PSR
4FGL J1804.4-0852,19.616,6.226,196.474,0.039,0.330,3.384,0.483,UNID-PSR
4FGL J1804.9-1745,11.839,1.835,43.337,0.104,0.943,0.695,1.835,UNID-PSR
4FGL J1804.9-3001,1.305,-4.189,85.018,0.162,0.901,1.296,0.862,UNID-PSR
4FGL J1805.1-3618,355.667,-7.246,387.271,0.034,1.158,2.815,1.387,UNID-PSR
4FGL J1805.3-2734,3.322,-3.053,46.240,0.134,0.985,0.539,1.262,UNID-PSR
4FGL J1805.6+0615,33.354,13.005,359.671,0.031,0.946,1.284,2.388,MSP
4FGL J1805.7+3401,60.457,23.678,278.902,0.054,0.543,0.619,0.457,UNID-PSR
4FGL J1807.1+2822,54.695,21.503,40.105,0.101,0.207,0.025,0.634,MSP
4FGL J1808.1-1234,16.763,3.722,58.781,0.158,0.655,2.890,0.447,UNID-PSR
4FGL J1808.4-3358,358.034,-6.734,540.628,0.035,1.178,7.978,0.914,UNID-PSR
4FGL J1808.4-4521,347.823,-11.966,56.044,0.075,1.911,0.158,2.493,UNID-PSR
4FGL J1808.5-3701,355.362,-8.169,381.401,0.048,0.539,5.648,0.330,young
4FGL J1808.9-2607,5.031,-3.065,74.707,0.107,1.346,1.201,1.421,UNID-PSR
4FGL J1809.0-2853,2.627,-4.487,56.168,0.130,1.375,0.437,2.033,UNID-PSR
4FGL J1809.2-2726,4.016,-3.639,45.886,0.115,0.928,0.307,2.130,UNID-PSR
4FGL J1809.8-2408,6.878,-2.266,145.611,0.070,0.609,11.911,0.644,UNID-PSR
4FGL J1809.8-2332,7.389,-1.997,81534.408,0.009,0.536,20537.484,1.373,young
4FGL J1809.9-2813,3.287,-4.273,50.932,0.096,0.676,0.295,1.467,UNID-PSR
4FGL J1810.2-3054,0.980,-5.686,34.118,0.098,0.895,0.130,2.975,UNID-PSR
4FGL J1810.3+1332,40.614,15.118,73.330,0.065,0.844,0.126,1.518,UNID-PSR
4FGL J1810.5-1415,15.563,2.354,35.780,0.132,0.382,1.435,0.370,UNID-PSR
4FGL J1810.5+1744,44.648,16.803,3423.967,0.019,0.361,25.288,0.454,MSP
4FGL J1811.3-2403,7.092,-2.546,194.760,0.051,0.653,4.145,2.261,MSP
4FGL J1811.5-1925,11.171,-0.345,60.801,0.046,0.898,2.321,5.045,young
4FGL J1811.7-1442,15.298,1.869,44.632,0.139,0.587,0.682,1.576,UNID-PSR
4FGL J1811.9-2336,7.525,-2.462,155.088,0.097,0.708,23.464,0.325,UNID-PSR
4FGL J1812.2-0856,20.538,4.475,61.140,0.181,1.169,2.892,0.607,UNID-PSR
4FGL J1812.8-3144,0.493,-6.499,170.424,0.037,1.043,0.973,2.133,UNID-PSR
4FGL J1813.2-1128,18.373,3.094,75.182,0.080,1.268,1.360,2.284,UNID-PSR
4FGL J1813.4-1246,17.246,2.441,24931.004,0.011,0.574,5940.010,0.524,young
4FGL J1813.7-1152,18.069,2.811,176.764,0.069,0.312,8.826,0.421,UNID-PSR
4FGL J1813.7-6846,325.532,-21.856,138.383,0.046,0.821,0.182,1.584,UNID-PSR
4FGL J1814.2-3000,2.132,-5.935,62.542,0.061,0.392,0.289,0.743,UNID-PSR
4FGL J1814.4+3132,58.573,21.126,240.381,0.038,0.758,0.728,1.632,MSP
4FGL J1814.6-3621,356.500,-8.968,111.706,0.074,0.595,0.929,0.419,UNID-PSR
4FGL J1814.6-2537,6.039,-3.978,133.119,0.095,1.952,2.396,1.394,UNID-PSR
4FGL J1814.7-3420,358.335,-8.045,115.038,0.052,0.679,0.663,0.886,UNID-PSR
4FGL J1815.3-1336,16.813,1.569,56.055,0.129,1.061,2.109,1.313,UNID-PSR
4FGL J1815.8-1416,16.227,1.191,94.032,0.081,1.275,3.921,1.701,UNID-PSR
4FGL J1816.3-2903,3.273,-5.807,114.970,0.105,0.911,1.557,0.550,UNID-PSR
4FGL J1816.4-0057,28.132,7.370,34.928,0.140,0.512,0.631,0.435,UNID-PSR
4FGL J1816.4-2727,4.644,-5.168,168.071,0.048,0.721,1.249,1.282,UNID-PSR
4FGL J1816.4-6405,330.371,-20.553,272.326,0.046,0.827,0.511,1.031,UNID-PSR
4FGL J1816.5+4510,72.823,24.736,2397.187,0.018,0.470,4.599,1.688,MSP
4FGL J1816.7+1749,45.366,15.520,137.516,0.050,0.790,0.280,1.724,UNID-PSR
4FGL J1817.1-1742,13.335,-0.700,183.056,0.043,0.951,9.934,2.966,young
4FGL J1817.6-3251,0.148,-7.937,63.134,0.087,0.895,0.403,0.910,UNID-PSR
4FGL J1817.7-2517,6.707,-4.418,138.956,0.076,1.025,1.500,1.283,UNID-PSR
4FGL J1817.9-3334,359.353,-8.269,244.182,0.045,0.612,1.633,0.760,UNID-PSR
4FGL J1817.9-1135,18.686,1.968,93.215,0.098,0.366,2.439,0.474,UNID-PSR
4FGL J1818.0-1339,17.023,0.989,48.742,0.172,0.884,2.234,1.535,UNID-PSR
4FGL J1818.1-2000,11.395,-2.043,143.469,0.051,0.855,2.537,2.257,UNID-PSR
4FGL J1818.5-2036,10.890,-2.559,57.794,0.202,1.315,3.105,0.798,UNID-PSR
4FGL J1818.6+1316,41.256,13.200,289.733,0.037,0.956,0.774,1.615,UNID-PSR
4FGL J1818.6-3206,0.758,-7.698,212.826,0.067,0.798,2.721,0.597,UNID-PSR
4FGL J1818.8-2255,8.918,-3.526,62.912,0.086,0.902,0.614,1.428,UNID-PSR
4FGL J1818.8-0828,21.672,3.276,68.864,0.078,0.652,0.878,1.519,UNID-PSR
4FGL J1819.3-0935,20.729,2.651,37.911,0.100,0.603,0.670,0.719,UNID-PSR
4FGL J1819.9-2926,3.255,-6.741,155.004,0.074,0.848,1.438,0.810,UNID-PSR
4FGL J1820.6-0326,26.332,5.234,31.594,0.070,1.943,0.339,2.715,UNID-PSR
4FGL J1820.7-3217,0.761,-8.227,92.533,0.054,1.194,0.436,1.870,UNID-PSR
4FGL J1821.5-2531,6.922,-5.283,71.473,0.071,0.326,1.197,0.283,UNID-PSR
4FGL J1822.6-2502,7.490,-5.338,70.102,0.090,0.949,0.649,1.326,UNID-PSR
4FGL J1822.8-1118,19.634,1.104,26.148,0.168,0.519,0.549,1.184,UNID-PSR
4FGL J1822.9-4718,347.110,-15.098,214.838,0.042,0.865,0.474,1.266,UNID-PSR
4FGL J1823.2+1209,40.732,11.662,105.012,0.065,1.774,0.467,1.307,MSP
4FGL J1823.3-1340,17.592,-0.110,1542.779,0.018,0.447,210.213,1.518,UNID-PSR
4FGL J1823.5-3020,2.787,-7.890,1008.001,0.020,0.565,7.136,2.146,MSP
4FGL J1823.8-3544,357.920,-10.340,98.880,0.056,0.809,0.403,0.859,MSP
4FGL J1824.1+1013,39.087,10.647,424.495,0.031,0.643,1.498,2.068,MSP
4FGL J1824.2-0621,24.158,3.098,621.246,0.027,0.823,9.974,3.994,MSP
4FGL J1824.2-5427,340.329,-18.059,391.658,0.033,0.720,0.732,1.934,UNID-PSR
4FGL J1824.6-2452,7.813,-5.611,1489.332,0.022,0.571,24.877,0.937,MSP
4FGL J1824.7+2403,52.065,16.265,93.080,0.053,0.785,0.095,2.322,UNID-PSR
4FGL J1825.0-2547,6.956,-6.075,29.172,0.128,1.114,0.158,1.526,UNID-PSR
4FGL J1825.5-2647,6.162,-6.637,35.246,0.148,0.944,0.190,1.183,UNID-PSR
4FGL J1825.8+1204,40.913,11.078,50.067,0.084,1.060,0.137,1.396,UNID-PSR
4FGL J1825.9-3153,1.630,-9.069,104.757,0.044,0.390,0.469,0.609,UNID-PSR
4FGL J1826.1-1256,18.553,-0.376,29894.330,0.010,0.487,16545.255,0.759,young
4FGL J1826.5-1202,19.430,0.029,38.816,0.172,0.731,13.314,0.483,UNID-PSR
4FGL J1827.4-1445,17.092,-1.504,802.573,0.028,1.255,93.401,1.775,young
4FGL J1827.5+1141,40.759,10.566,369.780,0.030,0.520,1.035,1.562,UNID-PSR
4FGL J1828.2-3252,0.968,-9.870,70.246,0.052,1.766,0.224,3.399,UNID-PSR
4FGL J1829.6-2545,7.488,-7.028,108.096,0.134,0.930,3.807,0.306,UNID-PSR
4FGL J1829.6-4310,351.572,-14.458,43.544,0.091,1.354,0.086,1.602,UNID-PSR
4FGL J1830.1-0212,28.550,3.867,77.824,0.174,1.204,7.066,0.670,UNID-PSR
4FGL J1830.7-1634,15.853,-3.039,667.849,0.033,0.613,10.456,1.536,UNID-PSR
4FGL J1830.7-2414,8.998,-6.572,76.247,0.084,0.713,0.845,0.664,UNID-PSR
4FGL J1830.8-3132,2.423,-9.808,274.725,0.033,1.030,1.073,2.276,UNID-PSR
4FGL J1831.1-6503,329.940,-22.329,487.543,0.031,1.099,0.910,1.847,MSP
4FGL J1831.2-0013,30.413,4.437,35.851,0.144,2.000,0.723,1.778,UNID-PSR
4FGL J1831.6-0223,28.591,3.340,183.095,0.063,0.331,10.834,0.423,UNID-PSR
4FGL J1831.8-2514,8.214,-7.204,41.985,0.156,1.997,0.370,1.240,UNID-PSR
4FGL J1832.4-0847,22.966,0.194,182.980,0.053,1.279,21.308,2.974,UNID-PSR
4FGL J1833.0-3840,356.025,-13.238,89.121,0.060,0.593,0.174,1.259,MSP
4FGL J1833.4+1109,40.862,8.990,36.170,0.091,1.617,0.100,3.181,UNID-PSR
4FGL J1834.2-0827,23.448,-0.105,130.468,0.083,1.690,39.089,1.242,UNID-PSR
4FGL J1834.3+0613,36.577,6.653,116.143,0.056,0.651,0.547,1.616,UNID-PSR
4FGL J1834.7-0724,24.435,0.324,153.151,0.059,0.670,35.751,0.756,UNID-PSR
4FGL J1834.9-0800,23.888,0.015,105.302,0.114,0.470,70.500,0.270,UNID-PSR
4FGL J1835.7-3258,1.533,-11.388,317.173,0.041,0.360,1.810,0.361,young
4FGL J1836.2+5925,88.879,24.996,1100320.212,0.008,0.628,70800.137,1.431,young
4FGL J1836.8-2354,10.071,-7.650,113.454,0.069,0.709,1.283,0.565,UNID-PSR
4FGL J1838.2+3223,61.298,16.675,155.030,0.061,0.550,0.351,0.612,UNID-PSR
4FGL J1839.0-1502,18.131,-4.132,69.877,0.089,0.568,0.644,0.823,UNID-PSR
4FGL J1840.3+1105,41.582,7.479,36.560,0.097,1.059,0.084,2.468,UNID-PSR
4FGL J1840.4-1705,16.437,-5.376,60.588,0.070,0.691,0.239,1.856,UNID-PSR
4FGL J1840.4-1139,21.303,-2.891,136.480,0.068,1.647,2.203,2.085,UNID-PSR
4FGL J1842.1+2737,57.052,14.064,367.631,0.033,1.310,0.878,2.325,UNID-PSR
4FGL J1843.3-1242,20.679,-3.991,162.314,0.061,0.656,2.016,1.039,UNID-PSR
4FGL J1844.4-0345,28.798,-0.157,926.886,0.027,1.015,160.830,1.764,young
4FGL J1844.8-0957,23.295,-3.042,65.400,0.084,0.395,0.782,0.685,UNID-PSR
4FGL J1845.0+0159,33.975,2.339,64.852,0.075,2.030,1.230,2.660,MSP
4FGL J1845.8-2521,9.518,-10.112,241.400,0.043,0.777,1.669,0.914,UNID-PSR
4FGL J1846.0+0507,36.892,3.529,151.515,0.045,0.786,1.262,2.365,UNID-PSR
4FGL J1846.3+0919,40.697,5.353,5237.829,0.013,1.006,122.998,2.117,young
4FGL J1847.0-0625,26.713,-1.919,93.005,0.064,0.853,1.183,1.900,UNID-PSR
4FGL J1847.2-0141,30.928,0.196,271.247,0.054,0.863,62.240,0.990,UNID-PSR
4FGL J1847.2-0200,30.563,0.052,53.125,0.145,1.944,8.404,2.201,UNID-PSR
4FGL J1847.5-0859,24.468,-3.224,41.296,0.219,0.597,1.611,0.357,UNID-PSR
4FGL J1847.7-0125,31.398,0.324,41.092,0.121,1.034,3.241,1.852,UNID-PSR
4FGL J1847.7-3433,1.127,-14.235,88.751,0.075,0.611,0.197,1.109,UNID-PSR
4FGL J1848.2-1309,20.807,-5.253,26.579,0.133,1.548,0.181,1.869,UNID-PSR
4FGL J1849.0-1826,16.159,-7.790,69.966,0.086,0.687,0.413,0.694,UNID-PSR
4FGL J1849.1-0652,26.551,-2.624,55.131,0.078,0.574,0.445,1.262,UNID-PSR
4FGL J1849.4-0117,31.536,-0.209,71.095,0.155,0.325,7.146,0.660,UNID-PSR
4FGL J1850.8-1105,22.900,-4.871,104.808,0.116,0.609,1.021,0.729,UNID-PSR
4FGL J1851.0+1558,47.161,7.274,67.860,0.083,0.726,0.321,0.749,UNID-PSR
4FGL J1851.5+0718,39.468,3.298,143.311,0.068,1.226,2.444,2.058,UNID-PSR
4FGL J1852.2-1309,21.277,-6.140,108.415,0.048,1.669,0.707,2.346,MSP
4FGL J1852.6+0203,34.911,0.652,130.428,0.068,0.658,8.463,1.382,UNID-PSR
4FGL J1852.7-1242,21.724,-6.056,46.351,0.098,0.905,0.263,1.403,UNID-PSR
4FGL J1853.0-0956,24.164,-4.928,90.116,0.124,0.909,0.974,0.886,UNID-PSR
4FGL J1853.6-0620,27.505,-3.345,99.104,0.087,0.570,1.091,0.906,UNID-PSR
4FGL J1853.8-1107,23.345,-5.497,74.486,0.108,1.109,0.720,0.978,UNID-PSR
4FGL J1854.1+0142,34.845,0.052,150.535,0.069,0.868,29.379,1.326,UNID-PSR
4FGL J1854.7-0716,26.812,-4.038,37.595,0.139,1.066,0.284,1.318,UNID-PSR
4FGL J1854.7+0153,35.031,0.226,108.695,0.056,0.680,8.404,1.926,UNID-PSR
4FGL J1855.3-0740,26.404,-4.455,99.427,0.175,1.394,3.171,0.494,UNID-PSR
4FGL J1855.6-3603,0.223,-16.348,41.048,0.093,1.747,0.095,1.839,UNID-PSR
4FGL J1855.8+0150,35.064,-0.156,149.879,0.073,0.299,28.157,0.550,UNID-PSR
4FGL J1856.3-0548,28.319,-3.739,47.251,0.161,0.967,0.868,0.697,UNID-PSR
4FGL J1856.5+1735,49.256,6.836,188.184,0.050,0.626,1.270,0.670,UNID-PSR
4FGL J1856.7+0125,34.762,-0.484,1226.739,0.033,1.127,883.256,0.715,UNID-PSR
4FGL J1856.7-0116,32.349,-1.735,37.922,0.203,0.957,1.121,0.844,UNID-PSR
4FGL J1857.6+0143,35.128,-0.755,175.545,0.094,0.460,37.398,0.501,young
4FGL J1857.8-3220,4.066,-15.360,91.064,0.063,1.144,0.263,1.412,UNID-PSR
4FGL J1858.0-1052,24.002,-6.382,109.069,0.075,0.790,1.921,0.470,UNID-PSR
4FGL J1858.3-5424,342.054,-22.714,259.135,0.047,0.688,0.529,1.524,MSP
4FGL J1858.5-4446,351.969,-19.933,126.038,0.060,0.737,0.240,0.807,UNID-PSR
4FGL J1858.6-0746,26.813,-5.138,56.146,0.088,1.486,0.370,1.626,UNID-PSR
4FGL J1858.9+3636,67.007,14.394,90.477,0.082,0.807,0.115,1.024,UNID-PSR
4FGL J1859.2-0706,27.444,-4.981,66.893,0.074,0.683,0.265,1.727,UNID-PSR
4FGL J1859.3+0058,34.699,-1.310,78.512,0.067,0.418,2.397,1.867,UNID-PSR
4FGL J1900.4+0339,37.216,-0.343,230.443,0.052,0.912,28.157,1.218,UNID-PSR
4FGL J1900.9+0538,39.052,0.481,39.272,0.090,0.984,1.918,1.573,UNID-PSR
4FGL J1901.1+0730,40.707,1.251,141.405,0.042,0.634,3.289,1.863,UNID-PSR
4FGL J1901.4-0126,32.800,-2.896,933.441,0.030,0.483,22.149,0.850,MSP
4FGL J1901.5-1112,24.064,-7.288,77.218,0.079,0.574,0.608,0.692,UNID-PSR
4FGL J1901.8-0718,27.587,-5.606,205.482,0.053,0.341,2.304,0.428,UNID-PSR
4FGL J1902.0-5105,345.659,-22.376,4115.829,0.018,0.457,25.536,0.575,MSP
4FGL J1902.4-3417,2.433,-16.973,68.931,0.094,1.258,0.233,0.902,UNID-PSR
4FGL J1902.5+0654,40.345,0.700,118.650,0.044,0.493,2.702,1.918,UNID-PSR
4FGL J1902.8-0855,26.261,-6.587,76.457,0.135,1.161,1.084,0.618,UNID-PSR
4FGL J1903.4-7053,324.361,-26.500,937.245,0.025,0.878,1.695,2.415,MSP
4FGL J1903.4-0400,30.725,-4.503,51.799,0.185,0.884,0.933,0.601,UNID-PSR
4FGL J1904.0-5925,336.889,-24.688,112.026,0.064,0.989,0.146,1.146,UNID-PSR
4FGL J1904.4-1129,24.158,-7.986,44.121,0.087,1.226,0.196,1.828,MSP
4FGL J1904.7-0708,28.067,-6.216,679.378,0.028,0.559,8.717,0.718,UNID-PSR
4FGL J1906.0-1718,18.976,-10.945,84.771,0.061,1.562,0.256,1.904,UNID-PSR
4FGL J1906.1+1651,49.607,4.446,132.675,0.046,1.475,0.521,3.335,UNID-PSR
4FGL J1906.4-2001,16.470,-12.168,67.444,0.083,1.334,0.296,1.084,UNID-PSR
4FGL J1906.4+0723,41.221,0.053,1571.938,0.022,0.443,249.060,0.562,young
4FGL J1906.9+0712,41.130,-0.154,772.025,0.025,0.383,82.062,1.084,UNID-PSR
4FGL J1907.9+0602,40.183,-0.897,27051.796,0.010,0.426,6609.312,0.964,young
4FGL J1908.8-0131,33.542,-4.565,726.216,0.034,0.920,9.976,1.496,UNID-PSR
4FGL J1909.2+4646,77.463,16.532,101.922,0.066,1.174,0.093,1.864,UNID-PSR
4FGL J1910.1-4704,350.281,-22.525,70.681,0.098,0.919,0.156,0.888,UNID-PSR
4FGL J1910.7-5320,343.656,-24.233,163.824,0.052,0.636,0.353,0.627,MSP
4FGL J1911.4-4856,348.350,-23.245,111.507,0.060,1.684,0.198,1.842,UNID-PSR
4FGL J1911.8+0903,43.297,-0.323,43.007,0.067,0.727,3.078,5.446,UNID-PSR
4FGL J1912.0+0927,43.604,-0.178,50.625,0.104,0.363,5.436,0.508,UNID-PSR
4FGL J1912.7+4610,77.218,15.773,182.789,0.058,0.719,0.238,1.060,UNID-PSR
4FGL J1913.2+2342,56.505,6.080,28.535,0.115,1.198,0.110,1.402,UNID-PSR
4FGL J1913.3+0905,43.514,-0.694,224.419,0.046,1.035,9.940,2.376,young
4FGL J1913.4-1526,21.442,-11.755,137.927,0.048,1.729,0.466,2.064,UNID-PSR
4FGL J1914.6-1157,24.801,-10.511,84.295,0.071,0.880,0.708,0.624,UNID-PSR
4FGL J1915.7-0846,27.811,-9.377,38.756,0.102,1.315,0.195,1.256,UNID-PSR
4FGL J1916.8-3025,7.511,-18.407,643.954,0.023,0.912,2.310,2.948,UNID-PSR
4FGL J1917.6-3204,5.942,-19.117,140.325,0.065,1.055,0.381,1.510,UNID-PSR
4FGL J1919.1+2354,57.279,4.972,144.691,0.077,0.769,1.188,0.809,MSP
4FGL J1920.0-2622,11.784,-17.571,81.141,0.069,0.820,0.179,1.297,UNID-PSR
4FGL J1921.1+1930,53.606,2.491,121.804,0.070,0.432,1.767,0.570,MSP
4FGL J1921.4+0136,37.808,-5.919,491.839,0.029,0.484,3.554,1.696,MSP
4FGL J1922.4+1453,49.767,0.103,93.462,0.155,0.779,28.969,0.332,UNID-PSR
4FGL J1922.7+1428,49.358,-0.178,157.218,0.065,1.097,14.495,1.675,UNID-PSR
4FGL J1924.8-1035,27.166,-12.168,358.657,0.032,0.961,2.106,2.077,UNID-PSR
4FGL J1925.2+1600,50.976,0.007,137.929,0.078,0.806,13.840,0.718,UNID-PSR
4FGL J1925.3+1522,50.410,-0.310,87.223,0.104,1.027,6.628,0.888,UNID-PSR
4FGL J1927.4+0253,39.701,-6.671,95.874,0.082,0.990,0.567,1.049,UNID-PSR
4FGL J1929.0+1729,52.686,-0.055,134.266,0.071,1.101,6.409,1.615,UNID-PSR
4FGL J1931.0+1754,53.277,-0.301,71.703,0.151,1.001,3.934,0.941,UNID-PSR
4FGL J1931.1+1656,52.446,-0.766,692.091,0.046,0.484,97.701,0.358,UNID-PSR
4FGL J1932.2+2221,57.386,1.614,78.925,0.086,0.636,1.438,0.985,young
4FGL J1932.3+1916,54.658,0.078,3377.037,0.020,0.748,319.642,0.715,young
4FGL J1934.2-1446,24.374,-16.118,78.584,0.124,0.801,0.626,0.393,UNID-PSR
4FGL J1935.2+2029,56.059,0.040,230.561,0.078,0.748,16.984,0.597,young
4FGL J1936.6+1921,55.299,-0.753,63.470,0.113,0.816,1.426,0.969,UNID-PSR
4FGL J1939.6+2135,57.526,-0.287,328.013,0.044,0.449,15.275,0.632,MSP
4FGL J1940.2-2511,14.675,-21.337,118.840,0.065,0.843,0.259,1.233,UNID-PSR
4FGL J1943.9+2841,64.182,2.365,66.225,0.111,1.056,0.467,1.449,UNID-PSR
4FGL J1944.3-5347,344.144,-29.219,39.630,0.110,2.000,0.072,2.084,UNID-PSR
4FGL J1944.8+4301,76.827,9.271,173.949,0.035,0.780,0.229,2.756,UNID-PSR
4FGL J1946.5-1527,24.846,-18.982,50.130,0.062,1.271,0.080,2.851,UNID-PSR
4FGL J1946.5-5402,343.887,-29.571,1641.543,0.025,1.001,6.315,1.290,MSP
4FGL J1947.0+0031,39.847,-12.073,67.294,0.058,1.482,0.140,3.227,UNID-PSR
4FGL J1947.6-1121,28.918,-17.560,91.024,0.054,0.999,0.195,2.027,MSP
4FGL J1948.1+2511,61.636,-0.228,59.094,0.140,2.000,2.073,1.231,UNID-PSR
4FGL J1948.9+3414,69.493,4.189,114.173,0.066,0.811,0.418,1.632,UNID-PSR
4FGL J1949.2-1453,25.677,-19.398,112.369,0.048,0.562,0.194,1.607,UNID-PSR
4FGL J1950.6+2416,61.080,-1.206,81.393,0.111,1.037,2.115,0.985,MSP
4FGL J1951.0+2523,62.196,-0.659,141.440,0.110,1.046,5.608,0.787,UNID-PSR
4FGL J1951.6+2621,62.957,-0.232,85.013,0.099,0.629,2.045,0.814,UNID-PSR
4FGL J1952.9+3252,68.772,2.823,26191.649,0.011,0.519,1511.151,0.963,young
4FGL J1954.3+2836,65.249,0.370,12377.713,0.012,0.484,845.151,1.169,young
4FGL J1954.5+2420,61.641,-1.892,88.710,0.107,0.904,1.658,0.975,UNID-PSR
4FGL J1954.8+2543,62.830,-1.300,91.114,0.131,0.697,2.605,0.524,UNID-PSR
4FGL J1957.6+5033,84.587,11.016,7396.176,0.017,0.924,86.868,0.676,young
4FGL J1958.7+2846,65.887,-0.359,14260.892,0.012,0.576,1091.669,1.005,young
4FGL J1959.5+2048,59.199,-4.705,1519.446,0.031,0.668,19.495,0.772,MSP
4FGL J2004.9+3421,71.321,1.441,39.241,0.121,0.606,0.624,0.952,UNID-PSR
4FGL J2006.2+3102,68.675,-0.538,187.266,0.043,0.762,2.311,2.107,young
4FGL J2006.4+0147,43.392,-15.785,286.798,0.035,0.526,0.484,3.391,MSP
4FGL J2007.2-3157,9.648,-29.106,91.247,0.048,1.060,0.151,3.656,UNID-PSR
4FGL J2007.9+2511,63.974,-3.969,122.379,0.068,1.192,0.903,1.972,UNID-PSR
4FGL J2009.9-2116,21.307,-26.341,91.446,0.057,0.927,0.131,2.470,UNID-PSR
4FGL J2017.7-1612,27.325,-26.212,659.071,0.028,0.387,1.274,1.650,MSP
4FGL J2017.9+3625,74.515,0.381,5593.384,0.017,0.763,739.557,0.829,young
4FGL J2021.1+3651,75.230,0.106,121991.603,0.009,0.577,31246.131,0.975,young
4FGL J2021.5+4026,78.230,2.082,211696.415,0.009,0.695,110100.517,0.789,young
4FGL J2022.3+3840,76.858,0.929,431.533,0.045,0.664,51.671,0.316,young
4FGL J2022.6+3716,75.894,0.223,73.774,0.142,0.990,2.664,1.003,UNID-PSR
4FGL J2026.0+4718,84.362,5.321,56.396,0.064,0.948,0.242,1.924,UNID-PSR
4FGL J2026.3+1431,57.278,-13.451,224.272,0.041,0.528,0.316,1.802,UNID-PSR
4FGL J2027.0+2811,68.833,-5.882,436.087,0.040,1.752,5.661,0.923,UNID-PSR
4FGL J2028.3+3331,73.365,-3.013,8211.653,0.015,1.059,387.480,1.403,young
4FGL J2030.0+3641,76.127,-1.439,4271.645,0.017,0.788,197.625,1.590,young
4FGL J2030.9+4416,82.358,2.882,3920.302,0.019,0.956,235.667,1.079,young
4FGL J2031.7+3138,72.246,-4.734,58.513,0.104,0.901,0.248,1.567,UNID-PSR
4FGL J2032.2+4127,80.231,1.025,19927.392,0.010,0.612,2081.410,2.624,young
4FGL J2035.0+3632,76.601,-2.346,1028.033,0.024,1.248,19.083,2.807,MSP
4FGL J2036.2-0207,43.522,-24.193,62.939,0.071,0.994,0.077,1.541,MSP
4FGL J2038.4+4212,81.587,0.528,169.908,0.073,0.910,7.773,1.287,UNID-PSR
4FGL J2039.4-3616,6.324,-36.521,352.246,0.050,0.893,0.886,1.187,MSP
4FGL J2039.5-5617,341.261,-37.145,3273.302,0.017,0.323,9.789,1.246,MSP
4FGL J2041.1+4736,86.094,3.458,1290.122,0.025,0.718,25.460,1.117,UNID-PSR
4FGL J2042.2+0245,48.977,-23.039,501.052,0.048,1.127,2.188,0.822,MSP
4FGL J2043.3+1711,61.921,-15.320,6308.398,0.014,0.392,38.049,1.971,MSP
4FGL J2043.7+2741,70.626,-9.145,813.371,0.032,0.835,5.871,0.766,young
4FGL J2043.9-4802,351.625,-38.279,461.037,0.034,0.979,0.853,1.569,UNID-PSR
4FGL J2045.9-6835,326.093,-35.466,355.302,0.037,1.219,0.466,1.703,MSP
4FGL J2046.1-1626,30.084,-32.614,172.608,0.048,0.962,0.252,1.430,UNID-PSR
4FGL J2047.3+1051,57.063,-19.699,427.339,0.031,0.381,0.594,2.543,MSP
4FGL J2050.0+4114,82.065,-1.701,98.641,0.071,0.213,2.154,0.251,UNID-PSR
4FGL J2050.4-3015,14.267,-37.788,45.232,0.145,1.868,0.086,1.455,UNID-PSR
4FGL J2051.0-0826,39.199,-30.399,222.678,0.044,0.890,0.346,2.179,MSP
4FGL J2051.7+5051,89.723,4.128,443.119,0.040,0.998,6.219,1.588,UNID-PSR
4FGL J2052.1+5539,93.369,7.257,40.297,0.142,1.233,0.222,1.039,UNID-PSR
4FGL J2052.7+1218,59.137,-20.010,208.110,0.043,0.630,0.357,1.762,MSP
4FGL J2054.2+6904,104.373,15.299,250.001,0.039,0.821,0.702,0.894,UNID-PSR
4FGL J2055.8+1545,62.541,-18.611,38.832,0.094,0.171,0.028,0.577,MSP
4FGL J2055.8+2540,70.696,-12.520,18895.981,0.012,0.863,357.081,1.143,young
4FGL J2056.4-5922,336.967,-38.908,150.068,0.062,0.897,0.175,1.183,UNID-PSR
4FGL J2058.0+3338,77.258,-7.839,76.355,0.058,1.352,0.146,2.111,UNID-PSR
4FGL J2101.8+5044,90.622,2.712,26.782,0.845,1.147,0.917,0.696,UNID-PSR
4FGL J2108.0+5155,92.196,2.942,278.265,0.067,0.664,9.057,0.790,UNID-PSR
4FGL J2110.7+5129,92.003,2.260,48.722,0.258,0.956,3.084,0.264,UNID-PSR
4FGL J2111.4+4606,88.313,-1.453,6920.265,0.015,0.406,121.248,1.273,young
4FGL J2112.5-3043,14.893,-42.434,3996.788,0.015,0.986,26.199,2.209,UNID-PSR
4FGL J2114.3+5023,91.743,1.147,249.564,0.046,0.400,4.225,0.640,UNID-PSR
4FGL J2114.8+6000,98.746,7.730,39.812,0.125,1.810,0.245,0.996,UNID-PSR
4FGL J2115.1+5449,95.032,4.108,535.227,0.033,0.588,3.952,2.069,MSP
4FGL J2116.2+3701,82.328,-8.376,421.067,0.047,1.151,2.963,0.688,young
4FGL J2117.9+3729,82.878,-8.278,231.189,0.038,0.698,0.509,1.627,UNID-PSR
4FGL J2120.0+5257,94.174,2.304,40.350,0.090,0.693,0.373,1.365,UNID-PSR
4FGL J2120.3+5227,93.884,1.921,46.397,0.148,1.165,1.105,0.936,UNID-PSR
4FGL J2120.5+4331,87.651,-4.540,38.033,0.337,0.804,0.333,0.505,UNID-PSR
4FGL J2124.7-3358,10.925,-45.446,14517.895,0.012,0.769,173.224,1.863,MSP
4FGL J2124.9-2433,24.006,-43.835,55.563,0.094,1.996,0.060,1.733,UNID-PSR
4FGL J2129.8-0428,48.924,-36.952,967.372,0.029,0.587,2.063,1.450,MSP
4FGL J2133.1-6432,328.764,-41.284,635.937,0.035,1.120,1.203,1.289,UNID-PSR
4FGL J2140.0+4716,92.642,-4.024,3839.679,0.023,1.097,78.399,0.931,young
4FGL J2144.2+7709,113.120,18.000,70.448,0.060,2.000,0.137,2.829,UNID-PSR
4FGL J2201.0-6928,321.298,-41.062,278.353,0.042,1.157,0.250,1.693,UNID-PSR
4FGL J2205.5+6016,103.696,3.690,41.409,0.087,0.317,0.167,0.358,MSP
4FGL J2212.4+0708,68.811,-38.472,387.296,0.039,0.828,1.052,1.151,UNID-PSR
4FGL J2214.6+3000,86.860,-21.672,12423.180,0.013,0.730,95.634,1.744,MSP
4FGL J2215.6+5135,99.866,-4.166,2925.187,0.021,0.387,14.881,1.473,MSP
4FGL J2218.8+4736,98.074,-7.751,157.111,0.053,0.961,0.284,1.395,UNID-PSR
4FGL J2219.7-6837,320.713,-42.878,331.085,0.033,0.893,0.254,2.209,UNID-PSR
4FGL J2220.8+6319,106.961,5.233,352.425,0.050,0.673,10.075,0.431,UNID-PSR
4FGL J2221.6+6349,107.294,5.626,93.538,0.085,0.707,1.376,0.388,UNID-PSR
4FGL J2227.1+6455,108.491,6.106,61.984,0.090,0.486,0.872,0.329,UNID-PSR
4FGL J2230.6+6619,109.540,7.240,47.137,0.096,0.513,0.427,0.438,UNID-PSR
4FGL J2233.3+6530,109.231,6.370,184.814,0.079,1.209,2.984,0.733,UNID-PSR
4FGL J2234.7+0943,76.279,-40.454,1353.351,0.023,0.401,4.268,1.438,MSP
4FGL J2238.5+5903,106.568,0.483,8190.250,0.015,0.526,287.166,0.713,young
4FGL J2240.6+5833,106.575,-0.105,385.638,0.041,0.704,4.260,1.073,young
4FGL J2241.4-8327,307.097,-32.586,185.485,0.041,0.719,0.244,1.607,UNID-PSR
4FGL J2241.7-5236,337.442,-54.937,8804.134,0.013,0.896,60.620,1.771,MSP
4FGL J2250.5+3305,95.610,-23.295,373.412,0.051,1.158,1.089,0.843,UNID-PSR
4FGL J2256.5+6212,109.944,2.189,70.645,0.114,1.166,0.946,1.067,UNID-PSR
4FGL J2256.8-1024,59.246,-58.285,1174.629,0.028,0.458,2.379,1.281,MSP
4FGL J2302.7+4443,103.401,-14.000,13092.161,0.011,0.572,125.774,2.321,MSP
4FGL J2310.0-0555,69.679,-57.899,801.351,0.031,0.879,1.815,1.760,MSP
4FGL J2317.8+6140,112.023,0.844,91.945,0.074,0.430,0.881,0.692,UNID-PSR
4FGL J2333.1-5527,324.125,-58.360,652.291,0.034,0.836,0.612,1.301,MSP
4FGL J2339.6-0533,81.341,-62.479,8219.737,0.014,0.493,46.015,2.540,MSP
4FGL J2342.4-4739,331.597,-65.428,402.673,0.041,0.586,0.392,1.125,UNID-PSR
4FGL J2350.7+6738,117.203,5.445,63.991,0.115,1.121,0.713,0.745,UNID-PSR
4FGL J2357.7+6802,117.927,5.698,48.999,0.138,1.048,0.343,0.794,UNID-PSR
4FGL J2358.7+5646,115.717,-5.371,73.092,0.052,1.208,0.123,2.001,UNID-PSR
4FGL J0116.8+6914,125.175,6.479,122.994,0.109,1.806,1.952,0.539,UNID-PSR
4FGL J0349.6+4026,155.848,-10.796,60.688,0.077,0.766,0.196,1.008,UNID-PSR
4FGL J0359.4+5414,148.231,0.890,1379.049,0.027,0.720,21.538,1.242,young
4FGL J0444.4+1621,182.336,-18.708,46.570,0.122,0.856,0.175,1.121,UNID-PSR
4FGL J0609.1+1544,194.142,-1.925,62.822,0.348,1.651,3.936,0.417,UNID-PSR
4FGL J0631.5+1036,201.235,0.450,1899.674,0.021,0.643,39.456,2.331,young
4FGL J0633.7+0632,205.090,-0.933,14114.156,0.013,0.644,681.333,1.500,young
4FGL J0701.3-0327,217.138,0.634,37.937,0.173,0.860,0.302,1.128,UNID-PSR
4FGL J0709.1-1034,224.348,-0.925,75.970,0.091,0.347,1.571,0.282,UNID-PSR
4FGL J0802.1-5612,269.963,-13.204,739.510,0.034,0.368,2.508,0.721,young
4FGL J0813.1-5049,266.102,-9.224,51.876,0.130,0.836,0.305,0.687,UNID-PSR
4FGL J0910.3-4816,269.663,-0.073,177.323,0.159,1.090,41.221,0.291,UNID-PSR
4FGL J0941.1-5429,277.519,-1.279,1021.929,0.030,1.018,22.039,1.399,young
4FGL J0942.1-5215,276.204,0.459,37.762,0.091,0.832,0.221,1.524,UNID-PSR
4FGL J1142.8+0120,267.518,59.403,874.422,0.027,0.618,1.646,2.583,MSP
4FGL J1205.1-5951,297.289,2.513,30.364,0.155,1.386,0.160,1.956,UNID-PSR
4FGL J1231.1-1412,295.532,48.382,53594.652,0.010,0.585,1350.431,1.953,MSP
4FGL J1353.5-6128,310.273,0.536,61.269,0.071,0.916,1.855,1.782,UNID-PSR
4FGL J1408.1-6010,312.408,1.315,36.601,0.103,1.943,0.472,4.429,UNID-PSR
4FGL J1418.7-6057,313.318,0.134,19374.310,0.010,0.654,6882.258,0.906,young
4FGL J1430.9-6024,315.017,0.111,88.196,0.263,1.272,8.827,0.351,UNID-PSR
4FGL J1456.3-5419,320.536,4.147,98.077,0.124,0.606,1.147,0.616,UNID-PSR
4FGL J1513.0-3118,335.356,22.553,48.114,0.083,2.000,0.100,2.702,UNID-PSR
4FGL J1526.6-2743,340.220,23.674,210.927,0.045,0.481,0.466,1.266,MSP
4FGL J1619.4-5106,332.694,-0.601,121.708,0.069,0.288,6.656,1.138,UNID-PSR
4FGL J1623.0-0315,10.712,30.671,408.160,0.033,0.576,1.268,1.550,MSP
4FGL J1702.7-5655,332.397,-9.236,3814.772,0.018,0.536,61.008,0.447,UNID-PSR
4FGL J1704.4-4540,341.598,-2.703,65.626,0.103,1.296,1.447,1.567,UNID-PSR
4FGL J1710.1-4541,342.007,-3.551,101.784,0.101,0.532,1.721,1.090,UNID-PSR
4FGL J1722.8-0418,18.481,17.483,164.374,0.038,0.619,0.883,1.830,UNID-PSR
4FGL J1732.7-5050,340.001,-9.453,277.430,0.034,0.808,0.872,1.973,MSP
4FGL J1757.1-1926,9.467,2.517,64.150,0.129,0.757,1.623,0.816,UNID-PSR
4FGL J1758.8-2326,6.223,0.250,139.987,0.048,0.657,7.579,2.398,UNID-PSR
4FGL J1759.7-2354,5.933,-0.100,251.262,0.049,0.590,29.577,1.587,UNID-PSR
4FGL J1802.8-4719,345.592,-12.010,110.868,0.070,0.568,1.135,0.284,MSP
4FGL J1813.5+2819,55.229,20.175,182.117,0.053,1.061,0.250,2.583,UNID-PSR
4FGL J1838.9-0537,26.512,0.207,2916.864,0.015,0.689,680.339,1.705,young
4FGL J1846.9-0247,29.968,-0.346,49.903,0.115,1.000,4.396,1.784,UNID-PSR
4FGL J1853.3-0005,33.068,-0.458,55.956,0.064,0.355,1.302,1.926,young
4FGL J1857.4+0106,34.529,-0.798,761.414,0.030,1.001,138.171,2.197,UNID-PSR
4FGL J1858.3-2216,13.576,-11.391,1037.275,0.025,0.942,7.590,1.895,MSP
4FGL J1912.7+0957,44.246,-0.091,111.885,0.093,0.727,13.517,0.724,UNID-PSR
4FGL J1919.4+1313,47.976,-0.165,77.649,0.181,1.812,9.848,0.819,UNID-PSR
4FGL J1936.8-0553,32.826,-12.784,36.748,0.078,1.624,0.095,2.568,UNID-PSR
4FGL J2017.4+0602,48.630,-16.032,9137.934,0.012,0.488,103.747,2.878,MSP
4FGL J2104.0+4623,87.802,-0.196,52.861,0.117,1.078,1.377,0.612,UNID-PSR
4FGL J2117.0+1344,64.156,-23.831,183.548,0.048,0.489,0.209,1.519,MSP
4FGL J2147.7+4735,93.853,-4.678,52.398,0.129,0.773,0.239,0.778,UNID-PSR
4FGL J2229.0+6114,106.651,2.947,72692.099,0.009,0.329,4887.041,0.704,young
